{"type": "FeatureCollection", "features": [{"type": "Feature", "geometry": {"type": "Polygon", "coordinates": [[[64.41737256521208, 39.771564243668394], [64.41736937709115, 39.77128491552569], [64.41743081826333, 39.77129796915193], [64.41757456038688, 39.77132488836438], [64.41769495170296, 39.771352368210366], [64.41774967617174, 39.77137199558005], [64.41775246903393, 39.771372562437925], [64.41798343936821, 39.77143190918407], [64.41811178706274, 39.77147082002986], [64.41820590804666, 39.77150973154412], [64.41831785519905, 39.77156563146508], [64.41838060252164, 39.77158974529139], [64.41846402816375, 39.771587005602136], [64.41856741886305, 39.77156672789349], [64.41871715724113, 39.77154042189197], [64.41883266890858, 39.771545353750184], [64.41904016356953, 39.77159248567099], [64.4191403895041, 39.77161763170409], [64.41918588557999, 39.77152320768098], [64.41928469936292, 39.771342331163396], [64.41939736606585, 39.77117398929215], [64.41943304804725, 39.77112067479061], [64.41944542952682, 39.77110217623626], [64.41952751578084, 39.77098300156972], [64.41953846534584, 39.7709488925441], [64.41954917506067, 39.770915529190404], [64.41967686518842, 39.770664038263455], [64.41968107289719, 39.77065480135372], [64.41974767219573, 39.770508615251245], [64.41979646778367, 39.77040150737945], [64.41982961022775, 39.77032875794638], [64.41985167554606, 39.770280323645125], [64.41987601450039, 39.77022689866838], [64.41989516658224, 39.770184857954945], [64.41991926029648, 39.77013197008238], [64.4199214944066, 39.77012706919364], [64.41998582635733, 39.76992971388341], [64.42001720361189, 39.769861489938236], [64.42004054992782, 39.76978600293546], [64.42004054992782, 39.769750074633734], [64.42003142933275, 39.769674713863886], [64.42000748833212, 39.76944424866291], [64.42000092793556, 39.76936810594831], [64.41998615963233, 39.769196709443946], [64.41998468549693, 39.769179608574454], [64.41997354099752, 39.769134084488385], [64.41995637868402, 39.769063980292174], [64.4199394445426, 39.76884196029916], [64.4198980852086, 39.76829967068716], [64.41975408616688, 39.766611025209606], [64.42396493277298, 39.766503396163166], [64.42414431825036, 39.76632615574195], [64.42404319489884, 39.762592487501465], [64.42152725543482, 39.762624171362326], [64.41720921825576, 39.76268073934036], [64.41345386870267, 39.76272380455599], [64.41345379414253, 39.76272380524654], [64.41204232882875, 39.762741768816184], [64.41182501648007, 39.76270023798067], [64.41182217421049, 39.762701047978226], [64.41275359420948, 39.76480378062735], [64.41310786819794, 39.76567075960194], [64.41391756378097, 39.76646411585564], [64.41439466082502, 39.7670970441583], [64.4146226810919, 39.76770908500459], [64.4147235448303, 39.76796966104389], [64.41472615533452, 39.76805924483413], [64.41473107181407, 39.768227954752405], [64.41473516633515, 39.76836842922923], [64.41474948997234, 39.768859921582205], [64.41478665776724, 39.76897860968897], [64.41479903295858, 39.769011339437824], [64.41487732472885, 39.76921839364693], [64.41488867494249, 39.769248411118234], [64.41489255027459, 39.769253032429454], [64.41501277989391, 39.769396390279994], [64.41502714485364, 39.76941352009525], [64.41504730933681, 39.76943003055694], [64.41519202164088, 39.76954852158842], [64.41537139544016, 39.76980678589761], [64.41541895494626, 39.769946267029916], [64.4154725134018, 39.77010334220349], [64.41550013929174, 39.770184365656995], [64.41550504768645, 39.770198761745824], [64.41562974013608, 39.770564458677306], [64.41564082085512, 39.77061710455817], [64.41572196028486, 39.770710754443485], [64.41591602782727, 39.770878327592435], [64.41602689340804, 39.77095634942852], [64.4165431111844, 39.771510011175025], [64.41696702526865, 39.77192897570236], [64.41705430288673, 39.77203037193745], [64.41706444845954, 39.772042158462455], [64.41737569224757, 39.7718652733793], [64.41738353633666, 39.77186018895605], [64.41738258502077, 39.77171550574946], [64.41737256521208, 39.771564243668394]]]}, "properties": {"name": "Turki Jandi", "code": "turki-jandi", "mahalla_code": "55899610-fee9-4be7-ad8d-259f0152b3ce", "source": "ngis_mahalla"}}, {"type": "Feature", "geometry": {"type": "Polygon", "coordinates": [[[64.44930152369609, 39.7871582650972], [64.45165227735241, 39.78383753465337], [64.45341500101024, 39.78137905444176], [64.45309594367585, 39.781222047800576], [64.4522908034496, 39.780865869467355], [64.45182732756024, 39.78061243357566], [64.45113211417534, 39.78021971966311], [64.45007443955643, 39.77959411390722], [64.44907321417169, 39.77901645015363], [64.44896328733037, 39.77898220151148], [64.44884741813345, 39.778968501773676], [64.44755503439208, 39.778514129964734], [64.44573678496819, 39.77788165872645], [64.44487691129004, 39.77758146584005], [64.44471327687282, 39.77752129524186], [64.44421663967474, 39.77734451606044], [64.44393725194327, 39.77724090390994], [64.4439278959896, 39.77723759694564], [64.44344709608998, 39.77708389404102], [64.44337542220839, 39.777149880868116], [64.44310862616227, 39.77737729982427], [64.4428970917775, 39.7775649884009], [64.44219192595756, 39.77815976229022], [64.44187598667548, 39.77843767694763], [64.44127482240928, 39.778915567491175], [64.44087389621312, 39.77910981660558], [64.44109663528445, 39.77926611077266], [64.44123567832077, 39.7793236488519], [64.44187741320017, 39.77961133783594], [64.44235514984467, 39.77981682962561], [64.44301471089258, 39.78010451723832], [64.44363148967508, 39.78036754407138], [64.44379241387509, 39.78043620288401], [64.44377520574749, 39.780466988663136], [64.44337462630106, 39.781212043258485], [64.44173303776434, 39.78187104207029], [64.43969315419693, 39.78271715613726], [64.43993059419788, 39.783080399396695], [64.43997813034778, 39.783228346060966], [64.44015876628008, 39.783529717553655], [64.44018526119106, 39.78362090335797], [64.44018834780235, 39.78362549471063], [64.4401938095593, 39.78394338110885], [64.44020637968507, 39.78430439921202], [64.44020128174583, 39.78490166003626], [64.44018777108394, 39.785525528360985], [64.44018726802737, 39.78554876889171], [64.44018688534507, 39.7855664538348], [64.43850661804716, 39.786042830054086], [64.4399838732774, 39.78711157733792], [64.44001696361921, 39.78713551659655], [64.44036334770455, 39.7873861058781], [64.4426039975514, 39.78886164013492], [64.44279188648129, 39.7887494169041], [64.44294043638824, 39.78857819567299], [64.4431602900709, 39.788269997349616], [64.44338905683777, 39.78792298724008], [64.44354949055763, 39.78766957734056], [64.44377825732454, 39.787338544368936], [64.44392383560451, 39.78714220757646], [64.44424767467119, 39.786831719331026], [64.44446158599823, 39.786756380024705], [64.44475571508349, 39.786512097756905], [64.44511817631748, 39.78620389017786], [64.44541230540275, 39.7859550402927], [64.44558462293548, 39.785815774531585], [64.44589063583365, 39.78601439862565], [64.44618476402063, 39.78619704102815], [64.44644621239587, 39.78634543796837], [64.44670765987276, 39.78647557003465], [64.44704338275231, 39.78659428644156], [64.44735236637912, 39.78670387074151], [64.44771482761314, 39.78684313470494], [64.44811294118414, 39.78697554862402], [64.44851699621239, 39.787009793287886], [64.44889431288624, 39.78708741510709], [64.44930152369609, 39.7871582650972]]]}, "properties": {"name": "Sa'diy Sheroziy", "code": "sadiy-sheroziy", "mahalla_code": "48adde9c-42c9-4261-9b72-b6ac9d163db9", "source": "ngis_mahalla"}}, {"type": "Feature", "geometry": {"type": "Polygon", "coordinates": [[[64.45698187323691, 39.76819500712991], [64.4574050956184, 39.76557501546034], [64.45789031702587, 39.76254190847522], [64.45547331621064, 39.762410388746225], [64.45392094385636, 39.76232431866342], [64.45390711159762, 39.76239861231127], [64.45307227755967, 39.76688230528653], [64.45296652518948, 39.767528712878054], [64.45300121902407, 39.76784134171587], [64.45314029529804, 39.768144858936], [64.45364048084149, 39.76800874784803], [64.45369985499022, 39.76818917671725], [64.45394793014579, 39.76890830785923], [64.45698187323691, 39.76819500712991]]]}, "properties": {"name": "Koʻksaroy", "code": "ko-ksaroy", "mahalla_code": "8c889951-3aa7-41b8-84f5-a5b6aff7528c", "source": "ngis_mahalla"}}, {"type": "Feature", "geometry": {"type": "Polygon", "coordinates": [[[64.45369985499022, 39.76818917671725], [64.45364048084149, 39.76800874784803], [64.45314029529804, 39.768144858936], [64.45300121902407, 39.76784134171587], [64.45296652518948, 39.767528712878054], [64.45307227755967, 39.76688230528653], [64.45390711159762, 39.76239861231127], [64.45391706672758, 39.76234514185766], [64.45392094385636, 39.76232431866342], [64.45206654532713, 39.762088173325544], [64.45206624618814, 39.7620881346552], [64.45206503436081, 39.76209219089391], [64.45031560307424, 39.7697366257683], [64.45394793014579, 39.76890830785923], [64.45369985499022, 39.76818917671725]]]}, "properties": {"name": "Mutavakkil Burhonov", "code": "mutavakkil-burhonov", "mahalla_code": "0d4e3d2b-df87-42c3-bc4d-91e71db995dc", "source": "ngis_mahalla"}}, {"type": "Feature", "geometry": {"type": "Polygon", "coordinates": [[[64.43329594024165, 39.73948904730526], [64.43337232219362, 39.739272673643484], [64.43336695386147, 39.73927268814964], [64.43336693499685, 39.73927267088041], [64.4333669134373, 39.73927265084805], [64.43145689122566, 39.739277987045355], [64.43143734478343, 39.73820348271341], [64.43140950060285, 39.736946942692875], [64.43158505746052, 39.73672533518274], [64.43143047087487, 39.734896618595556], [64.43142356372866, 39.73459670874664], [64.43141812981948, 39.73436075296705], [64.43140605466543, 39.73383638263634], [64.43138596833569, 39.73303619886495], [64.43128692458404, 39.73300630792179], [64.43059790238809, 39.73279835867291], [64.42931609630917, 39.73240520347139], [64.4282329975711, 39.73208983486858], [64.42793322976077, 39.731982339786185], [64.42793322437089, 39.73198237087413], [64.42791970382754, 39.7320522869106], [64.42786039435755, 39.732358989798854], [64.42785965953566, 39.73236278803265], [64.42758935377171, 39.73347578863252], [64.42741095194954, 39.73417863484143], [64.42732229182427, 39.734555060081824], [64.42727305696016, 39.73476410104558], [64.4272730524686, 39.734764121079195], [64.42708180563618, 39.73558008907422], [64.4267728759083, 39.736922104527636], [64.42660183577988, 39.73765745024622], [64.42660183039, 39.73765747304218], [64.42638848949316, 39.73862896565054], [64.42628649747073, 39.739047732346606], [64.42616049258247, 39.739565098718586], [64.42607223400414, 39.7399265257014], [64.42597472277834, 39.740325836186344], [64.42564334504982, 39.740354765181735], [64.42543034910608, 39.74037336041305], [64.42391395697385, 39.740905539714994], [64.42305236302191, 39.741207917102955], [64.42305232439438, 39.74120793091799], [64.42296805792914, 39.741238736311374], [64.42299393210428, 39.74180211263186], [64.42299392132448, 39.74180361914568], [64.42311094126327, 39.74181128157439], [64.4231942833621, 39.741817601885884], [64.4236502735902, 39.741852183304594], [64.42434394187282, 39.74183948880928], [64.42492416191817, 39.741828870689034], [64.4256521602177, 39.741815548302796], [64.42776921715284, 39.74177675332254], [64.42930379837293, 39.741748633786585], [64.42937192480744, 39.74174738422872], [64.43282342460557, 39.74167587894983], [64.43291248897273, 39.741674031895464], [64.4329370075901, 39.74122040241725], [64.43295311797637, 39.74092232433313], [64.43299766722797, 39.740511453334335], [64.43300530650112, 39.74044099810697], [64.4330055158086, 39.740439075036115], [64.43329594024165, 39.73948904730526]]]}, "properties": {"name": "Istiqlol", "code": "istiqlol", "mahalla_code": "759133eb-be0e-4ab4-b929-013adb599f81", "source": "ngis_mahalla"}}, {"type": "Feature", "geometry": {"type": "Polygon", "coordinates": [[[64.43858683131384, 39.74182620303455], [64.43775104596001, 39.7415736181005], [64.43736631369349, 39.742702059869515], [64.43726511308685, 39.74281807294828], [64.43716801508612, 39.74285924899302], [64.43697841756057, 39.74292716192177], [64.43677148614329, 39.74315522716547], [64.43677507760776, 39.74362927628275], [64.43659936444325, 39.74486643391382], [64.43593184881354, 39.74642813469561], [64.43588097721897, 39.74649327579129], [64.43847840016747, 39.74730462994208], [64.43798694175699, 39.74831055989397], [64.4374411918657, 39.74946439286414], [64.44245816504822, 39.75099425119277], [64.4451103726526, 39.7456666260773], [64.4459516943235, 39.74405160918341], [64.44305178526267, 39.74317542966234], [64.44207422868901, 39.742880044226226], [64.44100704630115, 39.74255757580456], [64.44024006201663, 39.74232580000368], [64.44020152249432, 39.742314152065866], [64.43915718606078, 39.74199856148322], [64.43865511675014, 39.7418468397084], [64.43858683131384, 39.74182620303455]]]}, "properties": {"name": "Olim Xo'jayev", "code": "olim-xojayev", "mahalla_code": "cf18d0c9-203b-4403-8b24-34055ac369ae", "source": "ngis_mahalla"}}, {"type": "Feature", "geometry": {"type": "Polygon", "coordinates": [[[64.44388451005632, 39.73708336109262], [64.44388802785897, 39.73708437172105], [64.44403328544041, 39.736769369923685], [64.4439064433223, 39.736729787359195], [64.44380897611397, 39.7367015338219], [64.44267799717127, 39.7363875664731], [64.44192772424594, 39.736168375658785], [64.4404344547492, 39.73572715963679], [64.43919684578223, 39.735367939872184], [64.4388500727264, 39.735271522205466], [64.4388462126656, 39.7352704486867], [64.43859129773742, 39.73519957154254], [64.4383769570157, 39.73513997527531], [64.43813395913809, 39.73507241113141], [64.4380182920621, 39.73505356854068], [64.43798108563965, 39.735047507354274], [64.4379725893737, 39.735046122966494], [64.43795803846274, 39.7350437527896], [64.43795660564984, 39.735043519295004], [64.4379565562425, 39.735043511005266], [64.43795644395308, 39.73504383154219], [64.43734810663932, 39.73624094219509], [64.43729538451531, 39.73634468995858], [64.43664470241566, 39.737625103489044], [64.43664466827967, 39.737625167041394], [64.43664486860399, 39.73762523404768], [64.43664501592768, 39.737625283784325], [64.43716208351029, 39.737800448345375], [64.43725619101944, 39.73783232874081], [64.43732932466335, 39.737857103716735], [64.43745685489098, 39.73790030603109], [64.43786600336692, 39.73803891094202], [64.43909902912928, 39.738455405109626], [64.43940148110568, 39.73855816311007], [64.4394015125467, 39.73855817416248], [64.43975071913867, 39.738676821929054], [64.43975074968137, 39.73867683229067], [64.43975083681796, 39.73867685854019], [64.43969741131308, 39.73876545808777], [64.43958677031111, 39.73894890626617], [64.4392236263575, 39.73963628912594], [64.43966543308558, 39.73978489558326], [64.43919838459632, 39.74061318664038], [64.43971719850383, 39.74078363749535], [64.44071811666475, 39.74111248916379], [64.44010898613858, 39.74228618609343], [64.44020152249432, 39.742314155519566], [64.44024006201663, 39.74232580000368], [64.44099195370609, 39.7425530148682], [64.44388451005632, 39.73708336109262]]]}, "properties": {"name": "To'qimachi", "code": "toqimachi", "mahalla_code": "b804f9e3-aa8c-4391-aa5d-235bd8ed48a7", "source": "ngis_mahalla"}}, {"type": "Feature", "geometry": {"type": "Polygon", "coordinates": [[[64.4401089807487, 39.74228618678419], [64.44071811666475, 39.74111248916379], [64.43919839178284, 39.74061318249583], [64.43966543308558, 39.73978489558326], [64.43922362276425, 39.73963628774443], [64.43958677031111, 39.73894890626617], [64.4397508449028, 39.73867686130329], [64.43975072003697, 39.73867681847517], [64.43940151164837, 39.73855817485327], [64.43909902912928, 39.738455405109626], [64.43786601055346, 39.73803891715906], [64.43664501592768, 39.737625283784325], [64.43664466648305, 39.73762516565985], [64.4366445874313, 39.73762530036316], [64.43594823767758, 39.73895311031146], [64.43586914910162, 39.739112193792685], [64.43541733514127, 39.73901732040488], [64.43478621206033, 39.73886431827915], [64.43475910270169, 39.73885774625505], [64.43452037631324, 39.73892517475059], [64.4342906600271, 39.73887538793155], [64.43360706365544, 39.73871650837325], [64.43350717189416, 39.738946395996514], [64.43346921358186, 39.73903375180747], [64.43340231604263, 39.73918770682067], [64.43337232219362, 39.739272673643484], [64.43329594024165, 39.73948904730526], [64.4330055158086, 39.740439075036115], [64.43300530650112, 39.74044099810697], [64.43299766722797, 39.740511453334335], [64.43295311797637, 39.74092232433313], [64.4329370075901, 39.74122040241725], [64.43291248897273, 39.741674031895464], [64.43330805581986, 39.74166582790674], [64.43523007772706, 39.74162596080394], [64.4355697397191, 39.74161890828371], [64.43775104596001, 39.7415736181005], [64.43858683131384, 39.74182620303455], [64.43865511764848, 39.74184683901769], [64.43915718606078, 39.74199856079247], [64.4401089807487, 39.74228618678419]]]}, "properties": {"name": "Xo'jamushkin", "code": "xojamushkin", "mahalla_code": "af5e5ee8-8823-4fa4-85da-e0eb0bf83b45", "source": "ngis_mahalla"}}, {"type": "Feature", "geometry": {"type": "Polygon", "coordinates": [[[64.43151518739604, 39.77022340563345], [64.43153687901521, 39.77022284083752], [64.43218785306733, 39.77015397160254], [64.43249298741314, 39.77012169050582], [64.43546533212692, 39.769675886964045], [64.43587445455171, 39.76961142028187], [64.43773884144855, 39.76931594244037], [64.43902053344145, 39.76910645737714], [64.44000916714084, 39.76881760108263], [64.44070120228626, 39.768416147469324], [64.44245288025938, 39.76730157072105], [64.44179896961461, 39.76624456982407], [64.44033537506492, 39.76421681780697], [64.43967834726611, 39.763306511944165], [64.43893032821387, 39.76264865982865], [64.43883084608434, 39.762685055875906], [64.43869005762144, 39.76273656494716], [64.43848505937868, 39.76281156663804], [64.43828557140185, 39.76288455258092], [64.43783568792104, 39.7630491492535], [64.43753276612574, 39.76311355509889], [64.4372872080496, 39.7631657647379], [64.43760098329012, 39.76364165728095], [64.43805691602606, 39.76433312610463], [64.43805688278839, 39.764333137843444], [64.43775803754787, 39.76443691167016], [64.43778621859664, 39.76447944961335], [64.43781431071221, 39.76452184666482], [64.4378639857508, 39.764596813956864], [64.43786401000528, 39.76459684986368], [64.43791665936581, 39.76467632475756], [64.43791667733208, 39.764676350997114], [64.43796427187246, 39.764748183185255], [64.4380121448906, 39.76482043720241], [64.43801215926364, 39.764820458608334], [64.43815968509116, 39.76504312338799], [64.4383586367738, 39.765033509395266], [64.43880438710598, 39.76492273674048], [64.43889357903392, 39.76492636883739], [64.43966392032263, 39.766123273125814], [64.43976385520307, 39.766268772517115], [64.43924358961807, 39.766294966600746], [64.43582909861298, 39.76633506386463], [64.43582906178207, 39.76633506455514], [64.43582413003118, 39.766335126699985], [64.43582405277607, 39.76633511427101], [64.43060544554152, 39.76638422596455], [64.43069643230339, 39.7702446862848], [64.43151518739604, 39.77022340563345]]]}, "properties": {"name": "Bihishtiyon", "code": "bihishtiyon", "mahalla_code": "a6bba263-8700-4ea7-91b4-7958dcd9b8cf", "source": "ngis_mahalla"}}, {"type": "Feature", "geometry": {"type": "Polygon", "coordinates": [[[64.39861769411878, 39.769784557794345], [64.39862557234385, 39.76972895677916], [64.39928037950725, 39.76978102192826], [64.39979376848873, 39.76981938616953], [64.40027625811943, 39.76984861556012], [64.40078498035304, 39.76988292467468], [64.40078506030308, 39.769882332947915], [64.40129678290975, 39.76990160031516], [64.40257127490561, 39.769977243926085], [64.40253116422987, 39.770584735990724], [64.40274915390829, 39.770612181609366], [64.4028579291094, 39.77062587679633], [64.40297321799464, 39.77064039293205], [64.40300318399589, 39.77064073401703], [64.4030636684623, 39.77064441690598], [64.40317967060987, 39.77065148095436], [64.40331006107338, 39.77065942188011], [64.40344870076612, 39.770667864075364], [64.40346211710487, 39.77066905096768], [64.40347126734437, 39.770573496747794], [64.4035158327656, 39.77019442703895], [64.40356039728854, 39.769792520224485], [64.4036227888783, 39.76936549114534], [64.40368220884106, 39.76875120441146], [64.40374757026115, 39.768207704363995], [64.40379807713968, 39.76779436741911], [64.40383075784972, 39.76750891179088], [64.4038961201681, 39.7671458114441], [64.40400307628077, 39.76686492073991], [64.40413677074787, 39.76660229872304], [64.40424158797185, 39.76645778744777], [64.40430877926016, 39.7663705133618], [64.4042802927842, 39.76635911668777], [64.4041055632749, 39.76628921405354], [64.40392730338654, 39.766217963492885], [64.40379301423474, 39.76616680849054], [64.40358979824948, 39.766128442904346], [64.40330458314678, 39.766079114901544], [64.40293736802829, 39.76600877696687], [64.4026355143299, 39.76595853603421], [64.40232415376084, 39.76589185211851], [64.40202467790299, 39.76581785984676], [64.40195411703408, 39.76580606880349], [64.40177867875403, 39.76577675345508], [64.4015825935955, 39.76572742520031], [64.40129618912334, 39.76559862386314], [64.40115375584514, 39.76553410640856], [64.40115027128017, 39.7655325230769], [64.40078398951127, 39.76535472360662], [64.40039538281094, 39.76517385297837], [64.39993071934876, 39.76495826913579], [64.39967521332915, 39.76484225536233], [64.39953973570617, 39.76477922456659], [64.3994620547903, 39.76474803196259], [64.39935434588942, 39.7647097988552], [64.3991463760197, 39.76463306534712], [64.39884571079241, 39.76454354269792], [64.39875923626822, 39.764516594594156], [64.39873706315205, 39.764557282594666], [64.39866447658216, 39.76469048169891], [64.398565838869, 39.76488414190122], [64.39848502822268, 39.7650394360563], [64.39843847932127, 39.765151729027366], [64.39843738786821, 39.76515369422008], [64.39825892855386, 39.766426706083855], [64.39821753238895, 39.76674044402644], [64.3981201999279, 39.76728215002804], [64.39812014692731, 39.76728238548479], [64.39811779334124, 39.76729245488622], [64.39779673725535, 39.767270752123906], [64.39731904103503, 39.767253568607785], [64.3973530269972, 39.7666652367045], [64.3973235775272, 39.7666651642025], [64.39692821100438, 39.766664189913705], [64.39679984624183, 39.76666387366687], [64.39680209292838, 39.76674937833429], [64.3968099954079, 39.76688358822268], [64.39683429573466, 39.76704227301481], [64.3968363959958, 39.767145018761084], [64.39682757274309, 39.76722070821122], [64.39679607960588, 39.76729287194157], [64.39677587739345, 39.76735772746832], [64.39674973282538, 39.76743171808521], [64.39672676200529, 39.76751256791839], [64.39671985575737, 39.76760474507784], [64.39671296208587, 39.7676510407569], [64.3967089789559, 39.76767778946465], [64.39670237544024, 39.76772213447546], [64.3966953317501, 39.767772522575285], [64.396668711075, 39.76786167576054], [64.39662497839203, 39.76799467444679], [64.39659360473073, 39.768102096089144], [64.39654744120658, 39.76821746153328], [64.39651568935454, 39.768322352914346], [64.39646221174736, 39.76851691709242], [64.39641942858364, 39.768656674266296], [64.39635050175022, 39.76881104572524], [64.39628870484518, 39.76893344727759], [64.39625740574405, 39.76897943963639], [64.39621387158874, 39.76908800178122], [64.39621040229513, 39.76911353263085], [64.39613725966807, 39.76952487173109], [64.39609447740266, 39.76973751853888], [64.39607261061201, 39.76992239636121], [64.39606007552055, 39.770010716136994], [64.3960450395193, 39.77013504194109], [64.39601461717389, 39.77035499398422], [64.3959937008008, 39.770455835338765], [64.39602476005179, 39.77046143356584], [64.39633099303718, 39.77048160872199], [64.39647300680213, 39.77049302611777], [64.39660016512723, 39.77050535767639], [64.39662625220306, 39.77050873677164], [64.39662103299126, 39.770537677258744], [64.39665131699616, 39.770541501006335], [64.39665126669048, 39.770542350958124], [64.39694717803329, 39.77056473002659], [64.39709156784217, 39.77059167576312], [64.39724118404936, 39.77064145623339], [64.39842727283812, 39.770720202624794], [64.39846513862398, 39.770721846597155], [64.39848177632135, 39.770625938246894], [64.39853168851515, 39.770297107320566], [64.39859467389131, 39.76992351698198], [64.39861769411878, 39.769784557794345]]]}, "properties": {"name": "Havzinav", "code": "havzinav", "mahalla_code": "f17af358-9bda-4719-b8a9-ecf4927188cf", "source": "ngis_mahalla"}}, {"type": "Feature", "geometry": {"type": "Polygon", "coordinates": [[[64.43516973429617, 39.75550815904101], [64.44034624108659, 39.754383565187474], [64.44046441715717, 39.75442948508149], [64.44054179803575, 39.75445770786926], [64.44054412467233, 39.75445855663833], [64.44054495291903, 39.75445885843828], [64.44068800244149, 39.75444536929274], [64.44245816504822, 39.75099425119277], [64.4374411918657, 39.74946439286414], [64.43495047799317, 39.74872142030486], [64.43494592622964, 39.748721481084274], [64.4349457241087, 39.74872142030486], [64.42946857275221, 39.74879424436741], [64.42946843261505, 39.74879424851147], [64.42946383324077, 39.74879429685868], [64.42892819658297, 39.74879548689073], [64.42876205406945, 39.748795856401586], [64.4287608862596, 39.748795870215055], [64.42874124818918, 39.74879611747652], [64.42873598406159, 39.748796175493176], [64.42873598406159, 39.74879620588285], [64.42873614486004, 39.748803879275435], [64.42878930266698, 39.75158709223099], [64.42878930087035, 39.75162217982464], [64.42878930087035, 39.75162565101188], [64.42878929997202, 39.75162575875269], [64.42879405475483, 39.75162565101188], [64.4287939891778, 39.75283631392779], [64.42879394605869, 39.75359746497649], [64.42879693475362, 39.7535974249202], [64.4288016877398, 39.75359736207317], [64.43025204830873, 39.75353380646781], [64.4302453864026, 39.75340774207343], [64.43111363687079, 39.75338579597748], [64.43113016317706, 39.75343204941937], [64.43116343857182, 39.753474076880394], [64.4312157169281, 39.7535161906442], [64.43132030687832, 39.753539859122], [64.43297050666533, 39.75353292108405], [64.43297332468039, 39.7535345972356], [64.43297925266293, 39.75354498288265], [64.43405928724756, 39.75543697812591], [64.43516973429617, 39.75550815904101]]]}, "properties": {"name": "Piridastgir", "code": "piridastgir", "mahalla_code": "b2775750-8e04-4b62-b7b3-155bf35dc1b4", "source": "ngis_mahalla"}}, {"type": "Feature", "geometry": {"type": "Polygon", "coordinates": [[[64.44179896961461, 39.76624456982407], [64.44299263299786, 39.765970802807374], [64.44355972416537, 39.765403789044925], [64.44457203655735, 39.7634690491462], [64.44519401299209, 39.76232007115918], [64.44551415189808, 39.76190822289692], [64.44654618231056, 39.761119159095394], [64.44756982515322, 39.760324014859165], [64.44637520686086, 39.75934600946156], [64.44637676274293, 39.75934496946513], [64.44320680573462, 39.75678236646774], [64.44052217703332, 39.754609448146034], [64.44052222194907, 39.75460915394356], [64.44054494213923, 39.75445892957191], [64.44054495291903, 39.75445885843828], [64.44054412467233, 39.75445855663833], [64.44054179803575, 39.75445770786926], [64.44046441715717, 39.75442948508149], [64.44034624108659, 39.754383565187474], [64.43516973429617, 39.75550815904101], [64.43405928724756, 39.75543697812591], [64.43348104619075, 39.75586505698211], [64.43364488272891, 39.756469414631965], [64.43049075493425, 39.76251234521538], [64.43043968660866, 39.7626079748435], [64.43087434993362, 39.76254311208053], [64.43219241561066, 39.762261234462855], [64.43373962894024, 39.76193035065225], [64.43436636105608, 39.76183042766326], [64.4343666323473, 39.76183038346849], [64.43440771859345, 39.76182383366071], [64.43507527374908, 39.76172041912249], [64.43694637195944, 39.76122892759479], [64.43767607436303, 39.76105099685584], [64.43893033719702, 39.762648655685425], [64.43967834726611, 39.763306511944165], [64.44179896961461, 39.76624456982407]]]}, "properties": {"name": "Bunyodkor", "code": "bunyodkor", "mahalla_code": "4588b94d-efe9-4cb1-b32c-20bc748fe5d7", "source": "ngis_mahalla"}}, {"type": "Feature", "geometry": {"type": "Polygon", "coordinates": [[[64.43457236361536, 39.79203594560767], [64.44266115735296, 39.7903626608809], [64.44264908219891, 39.790327544709704], [64.44262032892327, 39.790243924746754], [64.44217936661157, 39.788961510083205], [64.4426039975514, 39.78886164013492], [64.44036334770455, 39.7873861058781], [64.44001696361921, 39.78713551659655], [64.43969931484317, 39.78721978506784], [64.43944677955217, 39.78727686021588], [64.4388475646301, 39.78739819764155], [64.43713963371302, 39.787754341471604], [64.43643785454171, 39.78790067870211], [64.43446949393892, 39.78830330121024], [64.43377441709794, 39.788296999660204], [64.43317774710307, 39.78800950023141], [64.43317122713074, 39.78800613027873], [64.43259235186335, 39.78770696452293], [64.43215882041562, 39.787280433149085], [64.43163281729093, 39.786676330756464], [64.4306591531174, 39.78686538007891], [64.43075648827337, 39.78696745012332], [64.43173594478385, 39.78809045428662], [64.43198953290035, 39.78836903982374], [64.43197289520297, 39.7883927826061], [64.43136918870448, 39.78909958152172], [64.43071319306993, 39.78987394645111], [64.43051591854197, 39.790094931547465], [64.43023070254094, 39.79035974661348], [64.43007562188188, 39.79046887693923], [64.43006502086321, 39.79047305989339], [64.42991843108018, 39.79053090197777], [64.42974159771651, 39.790587883265175], [64.42962370820854, 39.79062440880403], [64.42935537245002, 39.79069800443401], [64.42934317782003, 39.790701348715466], [64.42896375100358, 39.79078281039051], [64.42847888443067, 39.790873394345674], [64.42818524582555, 39.790924276283825], [64.42815191563355, 39.790930051621295], [64.4280897414361, 39.79094082507132], [64.4283167807427, 39.791868894718455], [64.42840747375547, 39.79185339601319], [64.4284252846526, 39.79185035135308], [64.42928363119479, 39.79172856552858], [64.43029952696646, 39.791556572425065], [64.43035894692923, 39.79157026896642], [64.43045996068628, 39.79159309744958], [64.43077191594006, 39.79176431117686], [64.43208806730723, 39.7925359072554], [64.43373696992701, 39.7935243591408], [64.4339419690681, 39.793631649828754], [64.43406537063868, 39.793696205828184], [64.43409991804788, 39.79378717661323], [64.43411558017485, 39.793784519253904], [64.43415247488191, 39.79377825961938], [64.4342051422087, 39.79376932467858], [64.4350931071041, 39.79361868119489], [64.43509449050964, 39.79361844651842], [64.43457236361536, 39.79203594560767]]]}, "properties": {"name": "Мuhammad Narshaxiy", "code": "uhammad-narshaxiy", "mahalla_code": "38bb845f-ad84-4803-9f1d-e348186a63dd", "source": "ngis_mahalla"}}, {"type": "Feature", "geometry": {"type": "Polygon", "coordinates": [[[64.39751569752208, 39.779255626139836], [64.39757844484467, 39.7791821970755], [64.39778807839433, 39.779112054786495], [64.39803764205836, 39.77903095347392], [64.39832000501005, 39.778938892408746], [64.39847687421482, 39.7789191650216], [64.39862090739253, 39.77885340702364], [64.39872073357682, 39.77879751233073], [64.39876989567738, 39.77875041295841], [64.39909059513212, 39.77864922268908], [64.39923708071056, 39.77862392665186], [64.402648433002, 39.77852870864194], [64.40274925901114, 39.7785258946682], [64.40363004996073, 39.7785013096735], [64.40362898815206, 39.77849765481994], [64.40343695439547, 39.77768109464821], [64.40347793553873, 39.77767384353661], [64.40368541762327, 39.777637131622285], [64.4044999578206, 39.77749300527357], [64.40580006617513, 39.77727197970103], [64.40698296055474, 39.77706800400543], [64.40702887075396, 39.77706008729226], [64.40737031949513, 39.777001208651285], [64.40728813083317, 39.77672410976255], [64.40704324559512, 39.77585454979685], [64.40693105320265, 39.77564569218796], [64.40692735034705, 39.775646291459665], [64.40671751018489, 39.77438336447662], [64.4066509593954, 39.77419703770683], [64.40648933720442, 39.77408743348898], [64.40599496376085, 39.774127621492305], [64.40540551801752, 39.774164156459776], [64.40484934766893, 39.7740983939186], [64.40377978833881, 39.773912065686964], [64.40360403025853, 39.77387500034082], [64.40324735686991, 39.773799781481], [64.4030987934882, 39.773788746438015], [64.40312375766997, 39.77359517065981], [64.40316296733549, 39.773291137553976], [64.40321709891617, 39.7728079572088], [64.40322571465808, 39.7727310497612], [64.4032496790149, 39.772534834922375], [64.40328966931642, 39.77220740158874], [64.4032955928074, 39.77215890025565], [64.40337117525877, 39.7714508315844], [64.40337344799643, 39.771434944391], [64.40338403464206, 39.77136095255296], [64.40341953246883, 39.77111284646153], [64.4034235677011, 39.77107478121593], [64.40343802339066, 39.77093841492967], [64.40344042907898, 39.770911521803214], [64.40345433769451, 39.770756023399805], [64.40346079568312, 39.770683821181755], [64.40346167782872, 39.77067396010334], [64.40346211710487, 39.77066905096768], [64.40344870076612, 39.770667864075364], [64.40331006107338, 39.77065942188011], [64.40317967060987, 39.77065148095436], [64.4030636684623, 39.77064441690598], [64.40300318399589, 39.77064073401703], [64.40297321799464, 39.77064039293205], [64.4028579291094, 39.77062587679633], [64.40284281136148, 39.77062397321036], [64.40274915390829, 39.770612181609366], [64.40270388420787, 39.77060648189749], [64.40253116422987, 39.770584735990724], [64.40257127490561, 39.769977243926085], [64.40129678290975, 39.76990160031516], [64.40078506030308, 39.769882332947915], [64.40078498035304, 39.76988292467468], [64.40027625811943, 39.76984861556012], [64.39979376848873, 39.76981938616953], [64.39928037950725, 39.76978102192826], [64.39862557234385, 39.76972895677916], [64.39861769411878, 39.769784557794345], [64.39859467389131, 39.76992351698198], [64.39853168851515, 39.770297107320566], [64.39848177632135, 39.770625938246894], [64.39846513862398, 39.770721846597155], [64.39842727283812, 39.770720202624794], [64.39747872915319, 39.77065722761345], [64.39744426708394, 39.770654939444796], [64.39724118404936, 39.77064145623339], [64.39709156784217, 39.77059167576312], [64.39694717803329, 39.77056473002659], [64.39665126669048, 39.770542350958124], [64.39665131699616, 39.770541501006335], [64.39662103299126, 39.770537677258744], [64.39662625220306, 39.77050873677164], [64.39660572120728, 39.77050607713232], [64.39660016512723, 39.77050535767639], [64.3964869046379, 39.77049437388955], [64.39647300680213, 39.77049302611777], [64.39633099303718, 39.77048160872199], [64.39630478379047, 39.77047988188903], [64.39602476005179, 39.77046143356584], [64.3959937008008, 39.770455835338765], [64.39601461717389, 39.77035499398422], [64.3960450395193, 39.77013504194109], [64.39606007552055, 39.770010716136994], [64.39607261061201, 39.76992239636121], [64.3960897262131, 39.76977768974882], [64.39609447740266, 39.76973751853888], [64.39610354499713, 39.76969244776667], [64.39613725966807, 39.76952487173109], [64.39614642517891, 39.76947332561953], [64.39619865682278, 39.769179586479446], [64.39562041846092, 39.769096259813416], [64.39547288185359, 39.76982637366111], [64.39533867804171, 39.77031712993345], [64.39528511868788, 39.770512981699376], [64.39502999714716, 39.7704749223362], [64.39278876878527, 39.77014108139846], [64.39259651853469, 39.77010921042942], [64.39201647276246, 39.77001670174928], [64.39187352295299, 39.77071471765329], [64.39186793183865, 39.77071734069046], [64.39186395230193, 39.770731131829706], [64.3917748016965, 39.77104005428178], [64.39161971474923, 39.77157746571047], [64.3914901498375, 39.77202643504015], [64.39174915838841, 39.772839677794835], [64.39180229373747, 39.772994482440595], [64.39184228224232, 39.772995932347335], [64.3918593951485, 39.773063156894], [64.39182875810572, 39.773071583604974], [64.39339901322238, 39.7776461949988], [64.393285473357, 39.77773806655678], [64.3935478721498, 39.777919269388185], [64.39408465505792, 39.77827187300227], [64.39466797968095, 39.7785047919327], [64.39523392459812, 39.77869267695276], [64.39635339612207, 39.779054346699134], [64.3973064619261, 39.779366696753456], [64.39743013209295, 39.77940029349728], [64.39751569752208, 39.779255626139836]]]}, "properties": {"name": "Xoʻja Gʻunjoriy", "code": "xo-ja-g-unjoriy", "mahalla_code": "ae2a484e-73c5-4505-8967-0dae9dc04993", "source": "ngis_mahalla"}}, {"type": "Feature", "geometry": {"type": "Polygon", "coordinates": [[[64.41519164524675, 39.78031580449453], [64.4154081428235, 39.780286660320634], [64.4155412435042, 39.78026839411908], [64.41575101269943, 39.780216686224236], [64.41579318321216, 39.78020629079261], [64.41597644222506, 39.7801116086206], [64.41601326147362, 39.77994744279509], [64.4160264622167, 39.7798488576449], [64.41603793280458, 39.77976319044368], [64.41607358514158, 39.779491392954945], [64.41617011720368, 39.77924806867021], [64.41618460702922, 39.77921046149618], [64.41621191491555, 39.77913958951474], [64.41628749736691, 39.778928068062875], [64.41640860643689, 39.77858959358856], [64.41642952280998, 39.77851652902271], [64.41645424085331, 39.77838501150412], [64.41647895979501, 39.7782593391732], [64.41648019228356, 39.77824958411763], [64.41648262222641, 39.77823034670218], [64.4164979744346, 39.7781088246564], [64.41653980628243, 39.77784286610826], [64.41654474971146, 39.77777984721517], [64.41654474971146, 39.777645588840635], [64.41654261082279, 39.777529961661486], [64.4165390454094, 39.777353506984745], [64.4165369065207, 39.77713649972585], [64.41653476673372, 39.77686688455131], [64.4165389214419, 39.7767041221522], [64.41653914332578, 39.77670142754216], [64.416491185866, 39.77670191496071], [64.41649055884196, 39.776677823637115], [64.41635934731829, 39.77667365917537], [64.4163571096149, 39.776673588064675], [64.41635665237243, 39.77667352592917], [64.41624384732894, 39.77666795996539], [64.41626037902513, 39.77656439926648], [64.41632974513475, 39.77611097745561], [64.4166839706142, 39.77613814885322], [64.41687119928234, 39.775026955180344], [64.41698164894318, 39.77476606271812], [64.41698296317841, 39.77476295861668], [64.41700699850216, 39.77470618515604], [64.41702563495105, 39.774679452297015], [64.41707590467435, 39.77458957748117], [64.41711896451915, 39.774478567509135], [64.41712118245962, 39.77447284947618], [64.41712580608838, 39.774454862040926], [64.41715576490311, 39.77433831055461], [64.41717644322264, 39.774235556902646], [64.41712099650834, 39.77422823086272], [64.41710171686572, 39.774198998498825], [64.41710044844454, 39.77419707498951], [64.41714323070994, 39.77402664052814], [64.41704803983255, 39.77386360283784], [64.4170340674366, 39.77379494506275], [64.41648494077815, 39.77380386119453], [64.4157907532693, 39.77383377793584], [64.41518844993931, 39.77382682813392], [64.41462348598239, 39.7738337171786], [64.41405749794606, 39.77379057606111], [64.41327995306705, 39.77382149530307], [64.41298948820982, 39.7737699896917], [64.41245867820001, 39.773704426306644], [64.4117631935239, 39.773588133149715], [64.41140484477728, 39.77354711217731], [64.41129298296482, 39.77360263001927], [64.41053301631932, 39.77404077690546], [64.40980534680318, 39.77470012814835], [64.40935202277483, 39.77518458075438], [64.40909910300489, 39.77550218372531], [64.40893433671044, 39.77579673541748], [64.40873125457416, 39.77752398498714], [64.40889851369356, 39.7781216898955], [64.41142261075865, 39.7812447395767], [64.41178555618455, 39.78169378115606], [64.41223621850473, 39.781972206201665], [64.41298003883135, 39.78267321013512], [64.41381194076818, 39.783260623772144], [64.41415062269829, 39.783417295785654], [64.41481357129315, 39.78357285256646], [64.41525654403446, 39.78358736666205], [64.41519164524675, 39.78031580449453]]]}, "properties": {"name": "Imom Buxoriy", "code": "imom-buxoriy", "mahalla_code": "a7daf39a-b4f7-4b79-afd6-c679e33ac0b3", "source": "ngis_mahalla"}}, {"type": "Feature", "geometry": {"type": "Polygon", "coordinates": [[[64.3914901498375, 39.77202643504015], [64.39161971474923, 39.77157746571047], [64.3917748016965, 39.77104005428178], [64.39186395230193, 39.770731131829706], [64.39186793183865, 39.77071734069046], [64.39186395320024, 39.770712863782535], [64.39099673489632, 39.76973753718143], [64.39098883690836, 39.76972857909504], [64.39077309840803, 39.769483886313004], [64.3902067519439, 39.76884153220564], [64.3897153797717, 39.768172578267], [64.38946070020212, 39.767825854860455], [64.38914960104282, 39.767389960836375], [64.38871471224073, 39.76678061905671], [64.38870611626177, 39.76676857476697], [64.38787852803492, 39.76553398073639], [64.38779894718222, 39.76541526183295], [64.3876269665177, 39.76509780221233], [64.38701746498734, 39.76425088114111], [64.38696839631153, 39.763903032457755], [64.38680207413502, 39.763673242604455], [64.38664914943263, 39.763461963645035], [64.38588583386772, 39.7624073697143], [64.38579079390729, 39.76227606310494], [64.3851261789376, 39.76134333778735], [64.38498621782306, 39.76114691716354], [64.3848774587916, 39.76099428390415], [64.38479416699846, 39.760860376738165], [64.38467998932923, 39.76068697577985], [64.3845746052683, 39.76071659023389], [64.38453849299387, 39.76071479479104], [64.38449313076697, 39.76068206524157], [64.38432249038887, 39.7606368421436], [64.38432244906636, 39.76063683109467], [64.38429810831542, 39.76063042895235], [64.38409535406423, 39.7605770979992], [64.38401227247685, 39.760539124987474], [64.38401169665677, 39.760538861885344], [64.38401092230897, 39.760538507629775], [64.38390347930942, 39.760489400053366], [64.38329971621708, 39.76011753123713], [64.38315025721508, 39.76004680533198], [64.38300902139115, 39.75997997136348], [64.38268567549959, 39.759886690834804], [64.38268562788886, 39.75988667702351], [64.38224985514454, 39.75975519296656], [64.38189684149239, 39.75965361775078], [64.38186182246767, 39.75964354032661], [64.3818617829418, 39.7596435299681], [64.38155842187034, 39.75958697123471], [64.38153498482457, 39.75958253158419], [64.38152087229147, 39.75957985840206], [64.38135073227498, 39.75953124320675], [64.38108941146051, 39.75941736795609], [64.38081731176095, 39.75933256616012], [64.38056361674494, 39.759282829305725], [64.38044217529828, 39.759259020544064], [64.38021229372215, 39.75921661956164], [64.38002284441862, 39.75918126375181], [64.37973600965344, 39.75907664088871], [64.37954655496003, 39.75903140844964], [64.37936087319082, 39.759016353982396], [64.3793200896769, 39.759035551880416], [64.37948403401288, 39.75998563397414], [64.37948403670784, 39.759985654691], [64.37963593733079, 39.7610104897797], [64.3796912735523, 39.761376895680534], [64.37973484184359, 39.76168543196814], [64.37975837770404, 39.76212876056101], [64.3798772248161, 39.762485216776994], [64.38010934948552, 39.76324701318239], [64.38019621298025, 39.76355783363863], [64.38026610550263, 39.76380792804526], [64.38045205676642, 39.76452068314408], [64.38054862565947, 39.76487788654253], [64.38064023585214, 39.765191925009425], [64.38069990195332, 39.76539645999356], [64.38076365538902, 39.76564203595913], [64.38081991687527, 39.76585875353881], [64.38089754209558, 39.766136318754235], [64.3809894289694, 39.76646487471213], [64.38108357241117, 39.76696154898942], [64.38114357987214, 39.767269161236825], [64.38118226042997, 39.767524910368216], [64.38118288835234, 39.767529066407214], [64.38118297279397, 39.76752962293941], [64.38123475617851, 39.76787202472287], [64.38127150176521, 39.76810381952934], [64.38127150446017, 39.76810384024375], [64.38139681584904, 39.76892942320365], [64.3814368798124, 39.76926927226567], [64.38146225003265, 39.76961638680159], [64.3814835931055, 39.7699083703026], [64.38163127523988, 39.77099991142656], [64.38163025475372, 39.77107473564616], [64.38163023409248, 39.771076300208186], [64.38163020804134, 39.77107821620977], [64.38162768197876, 39.771263456369596], [64.3815152542277, 39.77140488161313], [64.3814721988744, 39.77145904100193], [64.38147218360307, 39.771459060334465], [64.38143649353684, 39.77146873626061], [64.38143635968784, 39.7714687728543], [64.38136726037787, 39.77148750675251], [64.38135198901806, 39.771535907063004], [64.38134069090673, 39.7715717971486], [64.3813364472653, 39.77158527396376], [64.38132611753788, 39.77161793204791], [64.3813267490535, 39.77162607723407], [64.38176151927799, 39.77169571277095], [64.38184245389182, 39.771728107743336], [64.38193003693709, 39.77173798800321], [64.38781801841569, 39.77240219091655], [64.39106679720027, 39.772757447135525], [64.39153233562153, 39.77281354903074], [64.39174915838841, 39.772839677794835], [64.3914901498375, 39.77202643504015]]]}, "properties": {"name": "Shergiron", "code": "shergiron", "mahalla_code": "60fb6231-d750-4836-b4ce-7568d2fd6594", "source": "ngis_mahalla"}}, {"type": "Feature", "geometry": {"type": "Polygon", "coordinates": [[[64.43043968660866, 39.7626079748435], [64.43049075493425, 39.76251234521538], [64.4287156066777, 39.7625264860288], [64.42748037734795, 39.76254453527647], [64.42404319489884, 39.762592487501465], [64.42414431914868, 39.76632615643246], [64.42396493636623, 39.76650339340118], [64.42752541977461, 39.76639931748894], [64.4275620773264, 39.77029463133514], [64.43069642691347, 39.770244682832484], [64.43060544374488, 39.76638422665501], [64.43060491643381, 39.76636185313257], [64.43043968660866, 39.7626079748435]]]}, "properties": {"name": "Nizomiy Ganjaviy", "code": "nizomiy-ganjaviy", "mahalla_code": "a022ba34-64d2-4171-9b19-d5259e8623ca", "source": "ngis_mahalla"}}, {"type": "Feature", "geometry": {"type": "Polygon", "coordinates": [[[64.41799814478944, 39.74526707163758], [64.4179488200938, 39.74351219463294], [64.41794741153542, 39.743464294742765], [64.41792104777848, 39.742567512055274], [64.41791928079232, 39.74245361497595], [64.41791189304742, 39.74197701100207], [64.41791128219303, 39.74193761723842], [64.41791126153177, 39.741936310352294], [64.4179112444638, 39.74193527700041], [64.41791123278568, 39.7419345282348], [64.41624552987348, 39.74196296060144], [64.41531333732335, 39.7419788725539], [64.41472997497112, 39.74199074158602], [64.4147299579031, 39.741992138958395], [64.41472921769133, 39.74205224942938], [64.41472884039892, 39.742082867254325], [64.41472556154812, 39.74278318670957], [64.41472535403729, 39.742827567091524], [64.41472121460046, 39.74331383677633], [64.41471918171295, 39.74355204821139], [64.41469425076889, 39.74355178918875], [64.41469403247828, 39.743569393055125], [64.41469389144278, 39.743581902116944], [64.41469040867443, 39.743889941365204], [64.41468862372196, 39.744047906913394], [64.41468609586272, 39.74427150225363], [64.41468507807153, 39.74436151196367], [64.4146824846353, 39.744590943532394], [64.4146812853844, 39.744697045808145], [64.41467798856729, 39.7449887081122], [64.41467727799993, 39.74505158434284], [64.41467441057752, 39.74530524094218], [64.4146740036407, 39.74534122482218], [64.41467391201253, 39.74534439655813], [64.4151000305625, 39.74534219112415], [64.41578061308637, 39.74533866781714], [64.41619877166463, 39.74533650313479], [64.41688916558802, 39.74533292871501], [64.41799928115826, 39.745327852693194], [64.41799875205054, 39.7453088436825], [64.41799814478944, 39.74526707163758]]]}, "properties": {"name": "Oybek", "code": "oybek", "mahalla_code": "b616a599-c3ed-44a7-94cd-1942926dd7d7", "source": "ngis_mahalla"}}, {"type": "Feature", "geometry": {"type": "Polygon", "coordinates": [[[64.43643785454171, 39.78790067870211], [64.43713963371302, 39.787754341471604], [64.4388475646301, 39.78739819764155], [64.43944677955217, 39.78727686021588], [64.43969931484317, 39.78721978506784], [64.44001696361921, 39.78713551659655], [64.4399838732774, 39.78711157733792], [64.43850661804716, 39.786042830054086], [64.44018688534507, 39.7855664538348], [64.44018726802737, 39.78554876889171], [64.44018777108394, 39.785525528360985], [64.44020128174583, 39.78490166003626], [64.44020637968507, 39.78430439921202], [64.4401938095593, 39.78394338110885], [64.44019235608516, 39.78385876277299], [64.44018834780235, 39.78362549471063], [64.44018526119106, 39.78362090335797], [64.44015876628008, 39.783529717553655], [64.43999740819376, 39.78326050917757], [64.43997813034778, 39.783228346060966], [64.43993059419788, 39.783080399396695], [64.43991141247162, 39.78305105412667], [64.43969315419693, 39.78271715613726], [64.4406087162362, 39.78233739531453], [64.44173303776434, 39.78187104207029], [64.442297035134, 39.781644631370234], [64.44262008547983, 39.781514946486055], [64.44263884140466, 39.78150741687841], [64.44337462630106, 39.781212043258485], [64.44345636580539, 39.781060013666206], [64.4434791524709, 39.781017630941875], [64.4434801648722, 39.78101574835382], [64.44363852258542, 39.78072121140399], [64.44364315429907, 39.78071259716281], [64.44377520574749, 39.780466988663136], [64.44378668711516, 39.78044644847347], [64.44379241387509, 39.78043620288401], [64.44363148967508, 39.78036754407138], [64.44301471089258, 39.78010451723832], [64.44235514984467, 39.77981682962561], [64.44187741320017, 39.77961133783594], [64.44123567832077, 39.7793236488519], [64.44109663528445, 39.77926611077266], [64.44087389621312, 39.77910981660558], [64.44069111959551, 39.77919837174562], [64.43973818225055, 39.77944154087346], [64.43481970754233, 39.780378088595924], [64.43210371685781, 39.780880542224686], [64.42988880104886, 39.78100371414858], [64.42975426036877, 39.781357731669836], [64.42966535680007, 39.78202105614538], [64.42918708565794, 39.78415759803099], [64.42917529976143, 39.784715599901105], [64.42942382137971, 39.78545394979649], [64.42980298678641, 39.78596754855956], [64.4306591531174, 39.78686538007891], [64.43122091817358, 39.78675630616326], [64.43135228869905, 39.78673079911506], [64.43163281729093, 39.786676330756464], [64.4316934356063, 39.78674594968571], [64.4317164154096, 39.78677234168466], [64.43215882041562, 39.787280433149085], [64.43241816044491, 39.78753558607333], [64.43247707196123, 39.78759354590526], [64.4325640450504, 39.78767911431143], [64.43256444030914, 39.78767950363183], [64.43257899301675, 39.78769382082043], [64.43259235186335, 39.78770696452293], [64.43262313533148, 39.7877228735008], [64.43310744494893, 39.787973167273336], [64.43311803518782, 39.78797864051525], [64.43317122713074, 39.78800613027873], [64.43317774710307, 39.78800950023141], [64.43319025883835, 39.788015529146755], [64.4332396383312, 39.788039321751356], [64.43377441709794, 39.788296999660204], [64.43384958362934, 39.78829768096486], [64.43402077287807, 39.78829923271037], [64.43402320551589, 39.788299254799284], [64.43415989496613, 39.788300493848716], [64.4343706648846, 39.788302405229125], [64.43446949393892, 39.78830330121024], [64.43643785454171, 39.78790067870211]]]}, "properties": {"name": "Dilkusho", "code": "dilkusho", "mahalla_code": "ab0c59a6-3388-488b-96a7-7edf31ee644c", "source": "ngis_mahalla"}}, {"type": "Feature", "geometry": {"type": "Polygon", "coordinates": [[[64.43405928724756, 39.75543697812591], [64.43297925266293, 39.75354498288265], [64.43297332468039, 39.7535345972356], [64.43297050666533, 39.75353292108405], [64.4313214881629, 39.75353978867809], [64.4312157169281, 39.7535161906442], [64.43116343857182, 39.753474076880394], [64.43113016317706, 39.75343204941937], [64.43111363687079, 39.75338579597748], [64.4302453864026, 39.75340774207343], [64.43025083648142, 39.753533859646055], [64.4288016877398, 39.75359736207317], [64.42879693475362, 39.7535974249202], [64.42879394605869, 39.75359746497649], [64.4287939891778, 39.75283631392779], [64.42879405475483, 39.75162565101188], [64.42878929997202, 39.75162575875269], [64.42688221075983, 39.75170206612268], [64.4269733556252, 39.75446171276102], [64.42724869824292, 39.75445688119989], [64.42724878358288, 39.75445956424953], [64.42724962710093, 39.75448650109536], [64.42726008798243, 39.75482012235368], [64.42728861667922, 39.755943056467004], [64.42798385881018, 39.75593946809488], [64.43348104619075, 39.75586505698211], [64.43405928724756, 39.75543697812591]]]}, "properties": {"name": "Toshmachit", "code": "toshmachit", "mahalla_code": "b7186e74-4756-43cc-848a-361a5d70bdcc", "source": "ngis_mahalla"}}, {"type": "Feature", "geometry": {"type": "Polygon", "coordinates": [[[64.42377965165237, 39.74882705692169], [64.42372525327201, 39.746061063552965], [64.42372514367756, 39.74605549027944], [64.42372508438875, 39.74604894656918], [64.4237215090939, 39.74604893620868], [64.42316566663038, 39.74604729786357], [64.42280898515696, 39.74605934923094], [64.42276591632896, 39.74606032519268], [64.42238318730551, 39.74606900040752], [64.4223736992995, 39.74606921452505], [64.42237364001069, 39.74606851346276], [64.42233951391137, 39.74566963893598], [64.42233949864003, 39.74566945589894], [64.42038545538622, 39.74570716980574], [64.42038749725687, 39.74579066567799], [64.42039050212148, 39.74591350944794], [64.4203905084097, 39.74591378365718], [64.42038997570872, 39.745913767080275], [64.42025352790527, 39.74590983905029], [64.42024480795881, 39.745909588325], [64.4202418345352, 39.745909501987065], [64.4199661415745, 39.74591311091211], [64.4198581182633, 39.74591452340046], [64.41985373089145, 39.745914576584596], [64.41802524875816, 39.745912981750614], [64.41801574188752, 39.74591297622499], [64.41801609043385, 39.74592439009674], [64.41802365963842, 39.74615017232328], [64.41811667749118, 39.748924917778744], [64.41812586815485, 39.74892477619071], [64.41812683384376, 39.74892476030522], [64.42377934622515, 39.74883728925813], [64.42377985287499, 39.74883728166074], [64.42377965165237, 39.74882705692169]]]}, "properties": {"name": "Bog'idasht", "code": "bogidasht", "mahalla_code": "04165ffb-0581-484f-922e-fc75263dcb00", "source": "ngis_mahalla"}}, {"type": "Feature", "geometry": {"type": "Polygon", "coordinates": [[[64.42299393030765, 39.74180211332261], [64.42216790425105, 39.741824592909566], [64.42081837418289, 39.74186132184773], [64.4206462839239, 39.74186600578231], [64.42023260075241, 39.74187726352562], [64.4190344781321, 39.74190730465752], [64.41893234058263, 39.741909865934375], [64.41836525839825, 39.74192408419646], [64.41835425313771, 39.74192436049379], [64.41832839603059, 39.74192500841103], [64.41821365152441, 39.74192788535691], [64.41817017306465, 39.74192897604054], [64.4181273351037, 39.741930050146344], [64.41810699814398, 39.74193055991485], [64.41805451766675, 39.74193187578075], [64.41802867493266, 39.74193252369791], [64.41802593417275, 39.74193257066848], [64.41798078933815, 39.741933340847154], [64.41798055128457, 39.74193334499164], [64.41795069308115, 39.74193385476013], [64.41794476959019, 39.74193395560864], [64.41793814990484, 39.741934068890544], [64.41793610623758, 39.74193410342768], [64.41792376069064, 39.74193431410438], [64.4179142493284, 39.74193447642905], [64.41791293868641, 39.74193449922355], [64.41791136753298, 39.74193452616253], [64.41791123278568, 39.7419345282348], [64.41791126153177, 39.741936310352294], [64.41791128219303, 39.74193761723842], [64.41791189304742, 39.74197701100207], [64.41791928079232, 39.74245361497595], [64.41792104777848, 39.742567512055274], [64.41794741153542, 39.743464294742765], [64.4179488200938, 39.74351219463294], [64.41799814478944, 39.74526707163758], [64.41799875205054, 39.7453088436825], [64.41799928115826, 39.745327852693194], [64.4180137655939, 39.74584825176586], [64.41801556761438, 39.74591297484357], [64.41801574188752, 39.74591297622499], [64.41802524875816, 39.745912981750614], [64.41985373089145, 39.745914576584596], [64.4198581182633, 39.74591452340046], [64.4199661415745, 39.74591311091211], [64.4202418345352, 39.745909501987065], [64.42024480795881, 39.745909588325], [64.42025352790527, 39.74590983905029], [64.42038997570872, 39.745913767080275], [64.4203905084097, 39.74591378365718], [64.42039050212148, 39.74591350944794], [64.42038749725687, 39.74579066567799], [64.42038545538622, 39.74570716980574], [64.42233949864003, 39.74566945589894], [64.42233951391137, 39.74566963893598], [64.42237364001069, 39.74606851346276], [64.4223736992995, 39.74606921452505], [64.42238318730551, 39.74606900040752], [64.42276591632896, 39.74606032519268], [64.42280898515696, 39.74605934923094], [64.42316566663038, 39.74604729786357], [64.4237215090939, 39.74604893620868], [64.42372508438875, 39.74604894656918], [64.42367130494762, 39.74309471496012], [64.42365100392051, 39.7418953002253], [64.4236502735902, 39.741852183304594], [64.4231942833621, 39.741817601885884], [64.42311094126327, 39.74181128157439], [64.42299392132448, 39.74180361914568], [64.42299393030765, 39.74180211332261]]]}, "properties": {"name": "Yoshlik", "code": "yoshlik", "mahalla_code": "93163e43-79e3-46ae-9d02-abe1bc71d9a7", "source": "ngis_mahalla"}}, {"type": "Feature", "geometry": {"type": "Polygon", "coordinates": [[[64.43060544374488, 39.76638422665501], [64.43582405277607, 39.76633511427101], [64.43582413362444, 39.76633512531901], [64.43582909861298, 39.76633506593611], [64.43924358961807, 39.766294966600746], [64.43976385071147, 39.7662687718266], [64.43966392032263, 39.766123273125814], [64.43889358172885, 39.76492637021839], [64.43880438710598, 39.76492273674048], [64.4383586367738, 39.765033509395266], [64.43815968509116, 39.76504312269746], [64.43801215746701, 39.764820458608334], [64.43796427187246, 39.764748183185255], [64.43791667823041, 39.76467635030658], [64.43786398215755, 39.76459681464738], [64.43781431071221, 39.76452184666482], [64.4377862168, 39.76447944408917], [64.43775803664957, 39.76443691028909], [64.43805691602606, 39.76433312610463], [64.43728719816814, 39.76316576680952], [64.43783568792104, 39.7630491492535], [64.43848505937868, 39.76281156663804], [64.43883084608434, 39.762685055875906], [64.43893033719702, 39.762648655685425], [64.43767607436303, 39.76105099685584], [64.43694637195944, 39.76122892759479], [64.43507527374908, 39.76172041912249], [64.43440771859345, 39.76182383366071], [64.4343666323473, 39.76183038346849], [64.43436636105608, 39.76183042766326], [64.43373962894024, 39.76193035065225], [64.43219241561066, 39.762261234462855], [64.43087434993362, 39.76254311208053], [64.43043968660866, 39.7626079748435], [64.43060491643381, 39.76636185313257], [64.43060544374488, 39.76638422665501]]]}, "properties": {"name": "Navroʻz", "code": "navro-z", "mahalla_code": "22764331-9025-4e6e-9306-3e0633fe59b6", "source": "ngis_mahalla"}}, {"type": "Feature", "geometry": {"type": "Polygon", "coordinates": [[[64.41472997497112, 39.741990738823056], [64.41472980159628, 39.74199073813231], [64.41472957522082, 39.74199074296748], [64.41472934704872, 39.74199075125643], [64.41472908833393, 39.74199075263789], [64.41472837686821, 39.74199076714353], [64.4147199946883, 39.74199093775691], [64.41470574830623, 39.74199122786885], [64.41346606063772, 39.742016435135916], [64.41338041525852, 39.74201817580672], [64.41270436024368, 39.74203192088805], [64.41153154406328, 39.74206707137049], [64.41115557486233, 39.74207833944209], [64.41072788156569, 39.74208835036198], [64.41064775813054, 39.742090226416366], [64.41058274166355, 39.74209174881095], [64.41058262578086, 39.74209175157397], [64.41058269495113, 39.74209250379159], [64.41058503416414, 39.742137902080124], [64.4106909185867, 39.74419295493502], [64.41073752318364, 39.74488550866434], [64.41087926565734, 39.74699625992259], [64.41095154320682, 39.749033709764234], [64.41095164112316, 39.74903646209234], [64.4109516483097, 39.74903667689133], [64.41143735840066, 39.74903079996279], [64.4116896556381, 39.74902774650146], [64.41184622750053, 39.74902582159823], [64.41233301467155, 39.749019834851886], [64.41394168354637, 39.74899598455553], [64.41474015198497, 39.74898414711966], [64.41474014749338, 39.748983899858864], [64.41472793489712, 39.74835099501135], [64.4147093227027, 39.74753288583098], [64.41470148759683, 39.747188453816605], [64.41469470711307, 39.746890431248566], [64.41465953537475, 39.74534447115474], [64.41467391201253, 39.74534439655813], [64.4146740036407, 39.74534122482218], [64.41467441057752, 39.74530524094218], [64.41467727799993, 39.74505158434284], [64.41467798856729, 39.7449887081122], [64.4146812853844, 39.744697045808145], [64.4146824846353, 39.744590943532394], [64.41468507807153, 39.74436151196367], [64.41468609586272, 39.74427150225363], [64.41468862372196, 39.744047906913394], [64.41469040867443, 39.743889941365204], [64.41469389144278, 39.743581902116944], [64.41469403247828, 39.743569393055125], [64.41469425076889, 39.74355178918875], [64.41471918171295, 39.74355204821139], [64.41472121460046, 39.74331383677633], [64.41472535403729, 39.742827567091524], [64.41472884039892, 39.742082867254325], [64.41472921769133, 39.74205224942938], [64.41472997497112, 39.741990738823056]]]}, "properties": {"name": "Namozgoh", "code": "namozgoh", "mahalla_code": "01ba3802-43f8-4f00-9e14-30b1250b9946", "source": "ngis_mahalla"}}, {"type": "Feature", "geometry": {"type": "Polygon", "coordinates": [[[64.42939716926354, 39.743655528019005], [64.42937192480744, 39.74174738422872], [64.42930379837293, 39.741748633786585], [64.42776921715284, 39.74177675332254], [64.4256521602177, 39.741815548302796], [64.42492416191817, 39.741828870689034], [64.42434394187282, 39.74183948880928], [64.4236502735902, 39.741852183304594], [64.42365100392051, 39.7418953002253], [64.42367130494762, 39.74309471496012], [64.42372508438875, 39.74604894656918], [64.42372514367756, 39.74605549027944], [64.42372525327201, 39.746061063552965], [64.42377965165237, 39.74882705692169], [64.42377985287499, 39.74883728166074], [64.42378010080998, 39.74883728097005], [64.42378016459038, 39.74883726646591], [64.42378153721614, 39.74883695151857], [64.42378935345742, 39.74883693632375], [64.42568267239466, 39.74883328611137], [64.42652163419132, 39.74883166855268], [64.42654640433695, 39.74883147240127], [64.42670786932274, 39.74883019465419], [64.42772137557577, 39.74881308596402], [64.42873138917894, 39.748796242488595], [64.42873158411334, 39.748796239035215], [64.42873162543584, 39.74879623765389], [64.42873598406159, 39.748796175493176], [64.42874124818918, 39.74879611747652], [64.4287608862596, 39.748795870215055], [64.42876205406945, 39.748795856401586], [64.42892819658297, 39.74879548689073], [64.42946383324077, 39.74879429685868], [64.42946843261505, 39.74879424851147], [64.42946857275221, 39.74879424436741], [64.42939716926354, 39.743655528019005]]]}, "properties": {"name": "Razzoq Hamroyev", "code": "razzoq-hamroyev", "mahalla_code": "f9629e18-ce70-461a-b506-626bcc0f745e", "source": "ngis_mahalla"}}, {"type": "Feature", "geometry": {"type": "Polygon", "coordinates": [[[64.45343408032856, 39.781352444295145], [64.45343410997296, 39.78135240425495], [64.45343928876056, 39.78134518252476], [64.45371525750407, 39.780966468987955], [64.45414462166715, 39.780399000908716], [64.45478770940939, 39.77941608979481], [64.45518820621079, 39.77859298885593], [64.45533603746554, 39.77816467641469], [64.45552326882864, 39.777184586769685], [64.45587048924551, 39.774972773743926], [64.45698187323691, 39.76819500712991], [64.45533454087227, 39.76858230727549], [64.45394793014579, 39.76890830785923], [64.45182394270824, 39.76939266451526], [64.45031560397257, 39.769736628530204], [64.4503155644467, 39.76973663957762], [64.44979343485748, 39.76985568728524], [64.4486477594767, 39.77011691666109], [64.44860096443695, 39.77012758634859], [64.44841364503895, 39.770168777140555], [64.44822065727152, 39.77021120314026], [64.4380810699274, 39.77244022988199], [64.43642243136661, 39.772774422147684], [64.43631891130988, 39.772795280845784], [64.4363727203954, 39.773258265540235], [64.43640660125466, 39.77343288934638], [64.43643160945385, 39.77418423387196], [64.43651861937396, 39.774597844519235], [64.43652047170006, 39.77461096379712], [64.43652883860864, 39.774708007160164], [64.43658041088909, 39.7751256556323], [64.43658082680905, 39.77531100296024], [64.43661548830428, 39.775313880583], [64.43661505262139, 39.77531538774477], [64.43709041232367, 39.775354844579354], [64.43771408387931, 39.77542791250173], [64.43855467611824, 39.77551773444243], [64.43864778829406, 39.77552877404104], [64.43940014890407, 39.775631157085954], [64.43952762253785, 39.775695955048164], [64.44000133203495, 39.77593675328261], [64.44054734513263, 39.776203582886524], [64.44078740192599, 39.77631866342729], [64.4410227874799, 39.77641341088221], [64.44103509978919, 39.776415929452185], [64.44114154476046, 39.77645566457632], [64.44131980375047, 39.776497678676854], [64.441761888058, 39.77658353220742], [64.44206849564087, 39.77665111915967], [64.44234466560701, 39.77671116969965], [64.44235704978149, 39.77671386223811], [64.44259614447923, 39.776758893202974], [64.44287660659576, 39.7768429196274], [64.4431639417225, 39.776967561028044], [64.4434326341122, 39.77707927049395], [64.44344709608998, 39.77708389404102], [64.4439278959896, 39.77723759694564], [64.44393725194327, 39.77724090390994], [64.44421663967474, 39.77734451606044], [64.44471327687282, 39.77752129524186], [64.44487691129004, 39.77758146584005], [64.44573678496819, 39.77788165872645], [64.44755503439208, 39.778514129964734], [64.44884741813345, 39.778968501773676], [64.44896328733037, 39.77898220151148], [64.44907321417169, 39.77901645015363], [64.45007443955643, 39.77959411390722], [64.45113211417534, 39.78021971966311], [64.45182732756024, 39.78061243357566], [64.4522908034496, 39.780865869467355], [64.45309594367585, 39.781222047800576], [64.45341500101024, 39.78137905444176], [64.45343408032856, 39.781352444295145]]]}, "properties": {"name": "Abu Ali ibn Sino", "code": "abu-ali-ibn-sino", "mahalla_code": "86c55415-1d7c-4447-9451-e35a7ca89efa", "source": "ngis_mahalla"}}, {"type": "Feature", "geometry": {"type": "Polygon", "coordinates": [[[64.44344709608998, 39.77708389404102], [64.4434326341122, 39.77707927049395], [64.4431639417225, 39.776967561028044], [64.44287660659576, 39.7768429196274], [64.44259614447923, 39.776758893202974], [64.44235704978149, 39.77671386223811], [64.44234466560701, 39.77671116969965], [64.44206849564087, 39.77665111915967], [64.441761888058, 39.77658353220742], [64.44131980375047, 39.776497678676854], [64.44114154476046, 39.77645566457632], [64.44103509978919, 39.776415929452185], [64.4410227874799, 39.77641341088221], [64.44078740192599, 39.77631866342729], [64.44054734513263, 39.776203582886524], [64.44000133203495, 39.77593675328261], [64.43952762253785, 39.775695955048164], [64.43940014890407, 39.775631157085954], [64.43864778829406, 39.77552877404104], [64.43855467611824, 39.77551773444243], [64.43771408387931, 39.77542791250173], [64.43709041232367, 39.775354844579354], [64.43661505262139, 39.77531538774477], [64.43661548830428, 39.775313880583], [64.43658082680905, 39.77531100296024], [64.43658041088909, 39.7751256556323], [64.43652883860864, 39.774708007160164], [64.43652047170006, 39.77461096379712], [64.43651861937396, 39.774597844519235], [64.43643160945385, 39.77418423387196], [64.43640660125466, 39.77343288934638], [64.4363727203954, 39.773258265540235], [64.43631891130988, 39.772795280845784], [64.43629247928097, 39.772800606851746], [64.4361845368181, 39.77282235412986], [64.43171363242881, 39.77345100339686], [64.43164789641128, 39.773460246145234], [64.43154468268007, 39.77390633034634], [64.43132063386506, 39.774874639211355], [64.43131875099624, 39.77488277779843], [64.42991084031604, 39.78090937686921], [64.42988880104886, 39.78100371414858], [64.43210371685781, 39.780880542224686], [64.43481970754233, 39.780378088595924], [64.43973818225055, 39.77944154087346], [64.44069111959551, 39.77919837174562], [64.44127482240928, 39.778915567491175], [64.44187598667548, 39.77843767694763], [64.44219192595756, 39.77815976229022], [64.4428970917775, 39.7775649884009], [64.44310862616227, 39.77737729982427], [64.44337542220839, 39.777149880868116], [64.44344709608998, 39.77708389404102]]]}, "properties": {"name": "Furqat", "code": "furqat", "mahalla_code": "6fb79835-64f3-4207-9f82-8acfe97fac03", "source": "ngis_mahalla"}}, {"type": "Feature", "geometry": {"type": "Polygon", "coordinates": [[[64.43795644664804, 39.73504383154219], [64.43791836796146, 39.73503757761827], [64.43743340437048, 39.734891621248636], [64.43710954194762, 39.73479425511769], [64.43690739585587, 39.73473348135063], [64.43674969481111, 39.73468586757368], [64.43651593700451, 39.73461568064495], [64.43631188917932, 39.73455417514501], [64.43600878772097, 39.73446273990199], [64.43567966117054, 39.734364349371354], [64.43560873738224, 39.734343147439155], [64.43552001527321, 39.734313786921426], [64.435512874565, 39.73433022289947], [64.43519706553865, 39.73505706612273], [64.43398786938586, 39.737840073814404], [64.43376128462681, 39.738361566295445], [64.43360706365544, 39.73871650837325], [64.4342906600271, 39.73887538793155], [64.43452037631324, 39.73892517475059], [64.43475910270169, 39.73885774625505], [64.43478621206033, 39.73886431827915], [64.43541733514127, 39.73901732040488], [64.43586914910162, 39.739112193792685], [64.43594823767758, 39.73895311031146], [64.4366445874313, 39.73762530036316], [64.43664466648305, 39.73762516565985], [64.43664470241566, 39.737625103489044], [64.43795644664804, 39.73504383154219]]]}, "properties": {"name": "Foshun", "code": "foshun", "mahalla_code": "a349a74f-105a-45f4-8279-4c4f6abc5ce0", "source": "ngis_mahalla"}}, {"type": "Feature", "geometry": {"type": "Polygon", "coordinates": [[[64.42799712243537, 39.75869411301271], [64.42798385881018, 39.75593946809488], [64.4272550205859, 39.7559432298083], [64.42392312068807, 39.75594627191348], [64.4239257797013, 39.75607838064001], [64.42404212410703, 39.76253315661364], [64.42404316884769, 39.762591056710654], [64.42404319489884, 39.762592487501465], [64.42748037734795, 39.76254453527647], [64.4287156066777, 39.7625264860288], [64.42861406471127, 39.759454839543736], [64.42782495851455, 39.7591809191572], [64.42799712243537, 39.75869411301271]]]}, "properties": {"name": "Amir Temur", "code": "amir-temur", "mahalla_code": "9a32d2bf-3d8a-4180-9eac-d2daa4c78ae5", "source": "ngis_mahalla"}}, {"type": "Feature", "geometry": {"type": "Polygon", "coordinates": [[[64.45879203961988, 39.75675707206316], [64.45865437549753, 39.75670652535254], [64.45847584162303, 39.75679653539089], [64.45768596916338, 39.75721662672062], [64.45346367263063, 39.75920670504804], [64.45304299337974, 39.759517565839275], [64.45274697603573, 39.75981078131942], [64.45206632344325, 39.76208787570225], [64.45206626954436, 39.76208805524296], [64.45206624618814, 39.7620881346552], [64.45206654532713, 39.762088173325544], [64.45392094385636, 39.76232431866342], [64.45547331621064, 39.762410388746225], [64.45789031702587, 39.76254190847522], [64.45834494720465, 39.759793831423906], [64.4586958632906, 39.75767178964134], [64.4588181841879, 39.75703480587019], [64.45885145958265, 39.756852086767985], [64.45879203961988, 39.75675707206316]]]}, "properties": {"name": "Sharq Yulduzi", "code": "sharq-yulduzi", "mahalla_code": "01bdf943-9d34-418a-bb36-abbaa1de0124", "source": "ngis_mahalla"}}, {"type": "Feature", "geometry": {"type": "Polygon", "coordinates": [[[64.4634446938524, 39.77393322368366], [64.46221307305515, 39.76713455368699], [64.46183262485421, 39.76715771687926], [64.46118207301028, 39.765717781611436], [64.46063334700042, 39.76458322667208], [64.46061785824831, 39.764547493142935], [64.45971586436312, 39.76482702263184], [64.45900814642945, 39.76508252534564], [64.4574050956184, 39.76557501546034], [64.45701481266178, 39.7679910984408], [64.45698187323691, 39.76819500712991], [64.45587048924551, 39.774972773743926], [64.45612423905878, 39.774988733994874], [64.456436420688, 39.77500836930305], [64.45671466216913, 39.77502586640155], [64.45798284709339, 39.775105617157756], [64.45805112174993, 39.775109910821186], [64.46027364179776, 39.775249639421254], [64.46027681644395, 39.77524983894953], [64.46072880108422, 39.77525986023774], [64.46214212770724, 39.77515266724371], [64.46359509159387, 39.7747634322407], [64.4634446938524, 39.77393322368366]]]}, "properties": {"name": "Abduxoliq G'ijduvoniy", "code": "abduxoliq-gijduvoniy", "mahalla_code": "755d0f2d-63df-433e-ba58-50c675f3247a", "source": "ngis_mahalla"}}, {"type": "Feature", "geometry": {"type": "Polygon", "coordinates": [[[64.4361845368181, 39.77282235412986], [64.43629247928097, 39.772800606851746], [64.43631891130988, 39.772795280845784], [64.43642243136661, 39.772774422147684], [64.4380810699274, 39.77244022988199], [64.44822065727152, 39.77021120314026], [64.44841364503895, 39.770168777140555], [64.44860096443695, 39.77012758634859], [64.44860096353862, 39.77012530506696], [64.44847968558537, 39.76984365596181], [64.44825982830949, 39.76933310265631], [64.44808838214254, 39.76927831879187], [64.44799541010391, 39.76924860997338], [64.44711056954905, 39.76807553604759], [64.44690697267814, 39.76799205130588], [64.44669704448107, 39.76790596886664], [64.4456210981293, 39.767464770336524], [64.44530772263903, 39.76733607237029], [64.44561702516779, 39.76689319919511], [64.44562792891873, 39.766832518645586], [64.44564402852524, 39.76674288009105], [64.44570819338934, 39.76638563043764], [64.44570819788093, 39.766385606270205], [64.44573109863246, 39.766258129851536], [64.44574543125283, 39.76621089484661], [64.44584264333959, 39.76589056640187], [64.44592378636257, 39.76566900157556], [64.44592379354911, 39.76566897740788], [64.44606877804269, 39.76556666793044], [64.44607209462274, 39.76556079862681], [64.44607210540251, 39.765560779292606], [64.44608077504333, 39.76554541552484], [64.44608822656862, 39.76553221649196], [64.44613422839598, 39.7654507325189], [64.4461754844237, 39.76537765469645], [64.44620388735638, 39.765327341490384], [64.44620389813618, 39.76532732146565], [64.44623554668193, 39.76527126318613], [64.4462609411567, 39.76522628132783], [64.44628558643653, 39.76518262521961], [64.44628570411582, 39.76518242220964], [64.4462857157939, 39.7651824001133], [64.44633098459605, 39.76510220905328], [64.4463361966213, 39.76509298727907], [64.44633989498536, 39.76508644399624], [64.44634142481628, 39.765083730978105], [64.44634144637584, 39.76508369369049], [64.44636272387166, 39.765046055990396], [64.44636896985783, 39.76503500504344], [64.44637973706482, 39.76501595520646], [64.44638248860453, 39.76501108709808], [64.44638337164847, 39.76500952446975], [64.44638446489817, 39.765007589655475], [64.44638689663765, 39.76500328707574], [64.44638873099746, 39.7650000416696], [64.44638939125919, 39.764998869180296], [64.44639116722848, 39.764995730803314], [64.4463937831226, 39.76499110230114], [64.44639501650947, 39.764988920283024], [64.44639994376882, 39.76498020325809], [64.44640359631876, 39.76497372970626], [64.4464344786016, 39.76491910878647], [64.44643449117804, 39.76491908599953], [64.44643974272917, 39.764909788934915], [64.4464512052322, 39.764889508569006], [64.44645865675749, 39.764876325982684], [64.44648617035799, 39.76482764754672], [64.44650339285865, 39.76479716826565], [64.44652935237369, 39.76475124354539], [64.44652983027746, 39.76475040249879], [64.44654328614207, 39.764726594936896], [64.44655275169022, 39.76470984857228], [64.44656429863488, 39.76468941830571], [64.4465745367342, 39.76467129366354], [64.44661049270175, 39.76460768889259], [64.44662035350864, 39.76459024300623], [64.44662814280046, 39.76457647342387], [64.44663127612417, 39.764570918911225], [64.44663486309709, 39.76456457306645], [64.44663578926016, 39.76456293309017], [64.44663616206098, 39.76456227295653], [64.44663615577277, 39.76456225224104], [64.44663570302187, 39.76456080353774], [64.44646245303785, 39.76400745602321], [64.44623771521503, 39.763943448754965], [64.44490057560957, 39.763562620367644], [64.44468906368266, 39.763502378129566], [64.44457203655735, 39.7634690491462], [64.44355972416537, 39.765403789044925], [64.44333953900437, 39.76562394471204], [64.44299263299786, 39.765970802807374], [64.44237200223942, 39.7661131448608], [64.44179896961461, 39.76624456982407], [64.44245288025938, 39.76730157072105], [64.44070120228626, 39.768416147469324], [64.44000916714084, 39.76881760108263], [64.43902053344145, 39.76910645737714], [64.43773884144855, 39.76931594244037], [64.43587445455171, 39.76961142028187], [64.43546533212692, 39.769675886964045], [64.43249298741314, 39.77012169050582], [64.43218785306733, 39.77015397160254], [64.43153687901521, 39.77022284083752], [64.43151518739604, 39.77022340563345], [64.43069643230339, 39.7702446862848], [64.43069866282022, 39.77033954359807], [64.43069906706211, 39.77034258368641], [64.43071815536356, 39.77065506027444], [64.43076212610009, 39.77098845613996], [64.43078351768197, 39.771067009498594], [64.43080600610678, 39.77114736415251], [64.43082847836193, 39.77119854100082], [64.4312372872747, 39.771974934299536], [64.43166511082705, 39.772834894472524], [64.43168293699557, 39.77291709880289], [64.43171363242881, 39.77345100339686], [64.4361845368181, 39.77282235412986]]]}, "properties": {"name": "Shayx-ul Olam", "code": "shayx-ul-olam", "mahalla_code": "8bef51ca-e4a2-475a-bb7c-00d108d29a15", "source": "ngis_mahalla"}}, {"type": "Feature", "geometry": {"type": "Polygon", "coordinates": [[[64.43348104619075, 39.75586505698211], [64.42798385881018, 39.75593946809488], [64.42799712243537, 39.75869411301271], [64.42782495851455, 39.7591809191572], [64.42861406471127, 39.759454839543736], [64.4287156066777, 39.7625264860288], [64.43049075493425, 39.76251234521538], [64.43364488272891, 39.756469414631965], [64.43348104619075, 39.75586505698211]]]}, "properties": {"name": "Zarafshon", "code": "zarafshon", "mahalla_code": "7e0aca41-e0ab-4176-b8a6-fc9c182ac504", "source": "ngis_mahalla"}}, {"type": "Feature", "geometry": {"type": "Polygon", "coordinates": [[[64.4180137655939, 39.74584825176586], [64.41799928115826, 39.745327852693194], [64.41688916558802, 39.74533292871501], [64.41578061308637, 39.74533866781714], [64.4151000305625, 39.74534219112415], [64.41465953537475, 39.74534447115474], [64.41469470711307, 39.746890431248566], [64.41470148759683, 39.747188453816605], [64.4147093227027, 39.74753288583098], [64.41472793489712, 39.74835099501135], [64.41474127847232, 39.74898328101627], [64.41780111729815, 39.74893658048449], [64.418116702644, 39.74892569685801], [64.41811667749118, 39.748924917778744], [64.41802365963842, 39.74615017232328], [64.41801609043385, 39.74592439009674], [64.41801574188752, 39.74591297622499], [64.41801556761438, 39.74591297484357], [64.4180137655939, 39.74584825176586]]]}, "properties": {"name": "Navbaxor", "code": "navbaxor", "mahalla_code": "8131727e-0308-4df0-b6a1-cdd8e2f811f7", "source": "ngis_mahalla"}}, {"type": "Feature", "geometry": {"type": "Polygon", "coordinates": [[[64.43726511308685, 39.74281807294828], [64.43736631369349, 39.742702059869515], [64.43775104596001, 39.7415736181005], [64.4355697397191, 39.74161890828371], [64.43523007772706, 39.74162596080394], [64.43330805581986, 39.74166582790674], [64.43291248897273, 39.741674031895464], [64.43282342460557, 39.74167587894983], [64.42937192480744, 39.74174738422872], [64.42939716926354, 39.743655528019005], [64.43677507760776, 39.74362927628275], [64.43677148614329, 39.74315522716547], [64.43697841756057, 39.74292716192177], [64.43716944700067, 39.7428587364684], [64.43726511308685, 39.74281807294828]]]}, "properties": {"name": "Varaxsha", "code": "varaxsha", "mahalla_code": "b042e407-f95b-4d2e-bd56-2106307cb1d4", "source": "ngis_mahalla"}}, {"type": "Feature", "geometry": {"type": "Polygon", "coordinates": [[[64.4486477594767, 39.77011691666109], [64.45031560307424, 39.7697366257683], [64.45048439202456, 39.768999110491876], [64.4507791535238, 39.76771114955405], [64.4507947285142, 39.767643091888765], [64.45111781389431, 39.766231335709705], [64.45117586033304, 39.76597769125728], [64.45142172473471, 39.7649033388539], [64.45147006308017, 39.764692112695464], [64.4516467104926, 39.76392020438068], [64.45172651592411, 39.76357146946258], [64.45188064616562, 39.76289794547062], [64.45206503436081, 39.76209219089391], [64.45188064616562, 39.76204344903147], [64.45157665447681, 39.761963089966606], [64.45095963764079, 39.76194606602226], [64.45026007640992, 39.76192676466369], [64.44956226869047, 39.76184919525869], [64.4491378434648, 39.76158536913343], [64.44907946644605, 39.76153841059433], [64.44828708589014, 39.76090100129662], [64.44804741267738, 39.76070820137223], [64.44756982515322, 39.760324014859165], [64.4468270324993, 39.76090100129662], [64.44654618231056, 39.761119159095394], [64.44551415189808, 39.76190822289692], [64.44519401299209, 39.76232007115918], [64.44512196361471, 39.7624531689389], [64.44463818310496, 39.76334685815765], [64.44457203655735, 39.7634690491462], [64.44468907446245, 39.76350238296324], [64.44490057560957, 39.763562620367644], [64.44623771521503, 39.763943448754965], [64.44646245303785, 39.76400745602321], [64.44663570212356, 39.76456080353774], [64.44663616206098, 39.76456227295653], [64.44663486309709, 39.76456457306645], [64.44663127612417, 39.764570918911225], [64.44662813651225, 39.76457647342387], [64.44661049270175, 39.76460768889259], [64.44657453942912, 39.76467129849718], [64.44655275169022, 39.76470984857228], [64.44652983027746, 39.76475040249879], [64.44652935596699, 39.76475124216439], [64.4465033973502, 39.76479716895618], [64.44648617035799, 39.76482764754672], [64.44645865675749, 39.764876325982684], [64.44643974272917, 39.764909788934915], [64.44643448848308, 39.76491908530901], [64.4464036044036, 39.7649737262537], [64.44639501650947, 39.764988920283024], [64.4463937831226, 39.76499110230114], [64.44639116722848, 39.764995730803314], [64.44638939125919, 39.764998872632866], [64.44638873099746, 39.7650000416696], [64.44638446489817, 39.765007589655475], [64.44638337164847, 39.76500952446975], [64.44637973706482, 39.76501595520646], [64.44636272297336, 39.765046055990396], [64.44634144907079, 39.76508369438102], [64.44633989498536, 39.76508644399624], [64.44633098459605, 39.76510220905328], [64.44628570142089, 39.76518242151912], [64.44628558643653, 39.76518262521961], [64.44623554668193, 39.76527126318613], [64.44620389903446, 39.76532732146565], [64.44617548352542, 39.76537765469645], [64.44613422839598, 39.7654507325189], [64.44608822656862, 39.76553221649196], [64.44608077504333, 39.76554541552484], [64.44607210180925, 39.765560777911624], [64.44606877804269, 39.76556666723993], [64.44592379354911, 39.76566897740788], [64.44584264333959, 39.76589056640187], [64.44574543125283, 39.76621089484661], [64.44573109593752, 39.76625812363704], [64.44570819428768, 39.76638563043764], [64.44564402852524, 39.76674288009105], [64.44561702876103, 39.76689320402854], [64.44530772084241, 39.76733607306078], [64.4456210981293, 39.767464770336524], [64.44669704448107, 39.76790596886664], [64.44711056775243, 39.76807553604759], [64.44799541010391, 39.76924860997338], [64.44825982830949, 39.76933310265631], [64.44860096982683, 39.77012530230512], [64.44860096982683, 39.77012758565813], [64.4486477594767, 39.77011691666109]]]}, "properties": {"name": "Sayfiddin Boxarziy", "code": "sayfiddin-boxarziy", "mahalla_code": "d4ee5ed6-9052-4dbb-93d2-10373e961f4a", "source": "ngis_mahalla"}}, {"type": "Feature", "geometry": {"type": "Polygon", "coordinates": [[[64.41058503416414, 39.742137902080124], [64.40823835616429, 39.742193940508045], [64.40717771081674, 39.74222363889471], [64.40514257754056, 39.74268967221745], [64.4034136404189, 39.74311551495742], [64.40359767108463, 39.743610776559535], [64.40460472743388, 39.74601961521276], [64.40502374929311, 39.74706110555576], [64.40570826643793, 39.7483695542416], [64.4058223533773, 39.74888854070514], [64.40597832426685, 39.74917691701289], [64.4060705093813, 39.749148337747386], [64.40607108789635, 39.74914862782913], [64.40607309922426, 39.74914963482732], [64.40726554628861, 39.749113436756225], [64.40753397726854, 39.74910783195876], [64.41095164112316, 39.74903646209234], [64.41095154320682, 39.749033709764234], [64.41087926565734, 39.74699625992259], [64.41073752318364, 39.74488550866434], [64.4106909185867, 39.74419295493502], [64.41058503416414, 39.742137902080124]]]}, "properties": {"name": "Abdulloyi Sifatmuniy", "code": "abdulloyi-sifatmuniy", "mahalla_code": "cbc93a11-71d3-4f9a-97ed-9a863f0d5252", "source": "ngis_mahalla"}}, {"type": "Feature", "geometry": {"type": "Polygon", "coordinates": [[[64.43145689122566, 39.739277987045355], [64.4333669134373, 39.73927265084805], [64.43336693499685, 39.73927267088041], [64.43336695386147, 39.73927268814964], [64.43337232219362, 39.739272673643484], [64.43340231604263, 39.73918770682067], [64.43346921358186, 39.73903375180747], [64.43350717189416, 39.738946395996514], [64.43360706365544, 39.73871650837325], [64.43361803208506, 39.73869126466952], [64.43376128462681, 39.738361566295445], [64.43398786938586, 39.737840073814404], [64.43519706553865, 39.73505706612273], [64.43525009398822, 39.73493502023115], [64.435512874565, 39.73433022289947], [64.43552053719438, 39.73431258558612], [64.43550307484358, 39.73430680549814], [64.43542932046381, 39.734282386399954], [64.43535387006477, 39.7342574049655], [64.43479986196105, 39.734073973314146], [64.43416398858889, 39.73388332897337], [64.43327173783125, 39.733615818635684], [64.4319054002841, 39.733192962376926], [64.43190537513127, 39.73319295477777], [64.43138764279539, 39.7330367031726], [64.43138700229659, 39.73303651112119], [64.43138646510403, 39.73303634877555], [64.43138639054386, 39.733036325978105], [64.43138596833569, 39.73303619886495], [64.43140605466543, 39.73383638263634], [64.43141812981948, 39.73436075296705], [64.43142356372866, 39.73459670874664], [64.43143047087487, 39.734896618595556], [64.43158505746052, 39.73672533518274], [64.43140950060285, 39.736946942692875], [64.43143734478343, 39.73820348271341], [64.43145689122566, 39.739277987045355]]]}, "properties": {"name": "Doʻstlik", "code": "do-stlik", "mahalla_code": "66406c14-f212-448b-85b1-f6f7602fd775", "source": "ngis_mahalla"}}, {"type": "Feature", "geometry": {"type": "Polygon", "coordinates": [[[64.44589063583365, 39.78601439862565], [64.44558462293548, 39.785815774531585], [64.44541230540275, 39.7859550402927], [64.44511817631748, 39.78620389017786], [64.44475571508349, 39.786512097756905], [64.44446158599823, 39.786756380024705], [64.44424767467119, 39.786831719331026], [64.44392383560451, 39.78714220757646], [64.44377825732454, 39.787338544368936], [64.44354949055763, 39.78766957734056], [64.44338905683777, 39.78792298724008], [64.4431602900709, 39.788269997349616], [64.44294043638824, 39.78857819567299], [64.44279188648129, 39.7887494169041], [64.4426039975514, 39.78886164013492], [64.44217936661157, 39.788961510083205], [64.44262032892327, 39.790243924746754], [64.44264908219891, 39.790327544709704], [64.44266115735296, 39.7903626608809], [64.43457236361536, 39.79203594560767], [64.43509449050964, 39.79361844651842], [64.4350931071041, 39.79361868119489], [64.4342051422087, 39.79376932467858], [64.43415247488191, 39.79377825961938], [64.43411558017485, 39.793784519253904], [64.43409991804788, 39.79378717661323], [64.43432085060715, 39.79436894187411], [64.43575952768752, 39.79846484501524], [64.43577367435661, 39.79850511816734], [64.44388671182706, 39.79374423022333], [64.44496353942615, 39.792951494865655], [64.44573940176063, 39.792139506491246], [64.4462772204263, 39.79142649897708], [64.44630792843597, 39.791385111762445], [64.44694830596097, 39.790522022525856], [64.44875092380057, 39.787936032878754], [64.44930152369609, 39.7871582650972], [64.44889431288624, 39.78708741510709], [64.44851699621239, 39.787009793287886], [64.44811294118414, 39.78697554862402], [64.44771482761314, 39.78684313470494], [64.44735236637912, 39.78670387074151], [64.44704338275231, 39.78659428644156], [64.44670765987276, 39.78647557003465], [64.44644621239587, 39.78634543796837], [64.44618476402063, 39.78619704102815], [64.44589063583365, 39.78601439862565]]]}, "properties": {"name": "Guliston", "code": "guliston", "mahalla_code": "e9e8e62b-2416-4be1-9cc9-bf32f8c40035", "source": "ngis_mahalla"}}, {"type": "Feature", "geometry": {"type": "Polygon", "coordinates": [[[64.42396964713157, 39.78362237167964], [64.42431481220308, 39.783572776630635], [64.42430507356708, 39.7805779316769], [64.42431042662788, 39.780381421642886], [64.42432800845461, 39.7799932503721], [64.42419256856093, 39.779894969047064], [64.42412801742124, 39.77988785624115], [64.42406219336878, 39.77922119190737], [64.42406080187841, 39.77921248980151], [64.4240596843742, 39.77916863338041], [64.4242159130802, 39.779164919880884], [64.42421676917466, 39.77916058780972], [64.42420193619269, 39.77881217034092], [64.42417626683346, 39.778589687479645], [64.42416913600674, 39.778523929166866], [64.42419284973359, 39.77849220567741], [64.42419018712708, 39.77844421619999], [64.42419064257295, 39.777498793475075], [64.42412943226779, 39.77585983068995], [64.42550187835889, 39.77584808624277], [64.42550872531797, 39.77584822846587], [64.42546062772104, 39.77558947178003], [64.42544103366804, 39.77551417194498], [64.4253964278226, 39.775176360044206], [64.42530873877617, 39.77516165569266], [64.42524694276943, 39.775117814640865], [64.42518039197994, 39.77491504906791], [64.42505204518373, 39.774664787883395], [64.42499024827872, 39.774514995966236], [64.42496648065291, 39.77448576855702], [64.42494413865349, 39.77441269894405], [64.42490420853912, 39.77428994259294], [64.42478441729764, 39.774292865135635], [64.424715965673, 39.77411457530687], [64.42473176254728, 39.773676075392906], [64.4246082037715, 39.77367075497808], [64.42446974553847, 39.773664791086695], [64.42422213481186, 39.773654127470834], [64.4242160244713, 39.77365386441881], [64.42417031010481, 39.773652777689605], [64.42406462690488, 39.77365026523234], [64.42404889021773, 39.7736454074004], [64.423779570804, 39.77356226634121], [64.42380213648391, 39.77338387519843], [64.42375392569926, 39.773348869115345], [64.42327121867628, 39.77330117776895], [64.42284466983328, 39.77328139076985], [64.42241040536031, 39.77333675209887], [64.42192071573264, 39.77339994076279], [64.42185559955264, 39.77345951567333], [64.42185490066338, 39.77345517702919], [64.42136492986299, 39.77346117615055], [64.42055573643819, 39.773471079636174], [64.41947881631266, 39.77346133080622], [64.42007296383822, 39.774337524858545], [64.42012264247008, 39.77441661568274], [64.42017017861994, 39.77462851622989], [64.42023732319585, 39.774999340790245], [64.4202700039059, 39.77542633492086], [64.42029377243, 39.77579395861385], [64.42034725003717, 39.77625291468138], [64.4203680469343, 39.776734701101816], [64.42035695992709, 39.77684640611289], [64.42035803880376, 39.776859879824194], [64.42041453744523, 39.77714855600949], [64.42049293431837, 39.77762176916883], [64.42054691318548, 39.77800855993573], [64.42054143076732, 39.77830262799223], [64.42053600134973, 39.77859386770412], [64.4203797780336, 39.77934353283665], [64.42063120300692, 39.77966429574609], [64.42067083937219, 39.77991132373421], [64.42072134625073, 39.78040221797461], [64.4207805416347, 39.78076507511991], [64.42083083830745, 39.78123945426436], [64.42083448277255, 39.78125307554061], [64.42089149794532, 39.78146615417212], [64.42092546504284, 39.78172941604054], [64.4209787818516, 39.782050702153015], [64.42097165102487, 39.78241783414868], [64.42098135462655, 39.78262414526974], [64.42098234636664, 39.782645235006385], [64.42092543180517, 39.782760249549035], [64.42089882999466, 39.783176796404774], [64.42089860900911, 39.783641249309134], [64.42092348785089, 39.78364060109396], [64.42100953028545, 39.78363835822808], [64.4211057290726, 39.78363985692362], [64.42160436232724, 39.78364762446004], [64.4218391172638, 39.7836494614146], [64.42183915948463, 39.78364946210493], [64.42203199813171, 39.78365097184546], [64.42320662082419, 39.7836601669723], [64.42396964713157, 39.78362237167964]]]}, "properties": {"name": "Ko'kaldosh", "code": "kokaldosh", "mahalla_code": "710148fb-e135-470d-9c78-88fdadead71b", "source": "ngis_mahalla"}}, {"type": "Feature", "geometry": {"type": "Polygon", "coordinates": [[[64.43930415493284, 39.81941477202302], [64.43932877775478, 39.818480829842876], [64.43932914157247, 39.818460702569766], [64.44081923732135, 39.81837669385848], [64.44078336938868, 39.81805200677223], [64.44077350678518, 39.81799561471412], [64.44070068306004, 39.81724822548426], [64.44068411722787, 39.817078215065294], [64.44073694714974, 39.81707257992157], [64.44073703338802, 39.817072570951716], [64.44144797178195, 39.81699674313812], [64.44166230352056, 39.8169738823783], [64.44187517370015, 39.81695117754874], [64.44209800978955, 39.81692741081567], [64.44285610165107, 39.81688216464628], [64.44337234188528, 39.816837254473164], [64.44350884807922, 39.81682856264561], [64.44350919932052, 39.816879263232536], [64.4435095936809, 39.816890982045486], [64.44351058182774, 39.81692033840841], [64.44356524790602, 39.81693676916184], [64.44385402842211, 39.816905734057535], [64.44385863498289, 39.81689019752538], [64.44385697759118, 39.816860929468554], [64.44404531208545, 39.8168585834971], [64.44404812560892, 39.8168983842716], [64.44443174126953, 39.816889621382664], [64.44443142326591, 39.816873037439834], [64.44443031474486, 39.81681513678171], [64.44449047132616, 39.81681334832231], [64.44485963848375, 39.81680237123773], [64.44485963848375, 39.81683047185323], [64.4449093054375, 39.8168296052234], [64.44491333168658, 39.81697001360169], [64.44520718319245, 39.816993165538726], [64.44522500936095, 39.81697034548712], [64.44530225549224, 39.81685396262316], [64.44539138543641, 39.81676496468183], [64.445507253735, 39.8166599918952], [64.44593804801602, 39.81623781801258], [64.44634507467129, 39.815872692264996], [64.4462212796386, 39.81574587194103], [64.44621759385099, 39.81574277865852], [64.44606697781887, 39.81575944084435], [64.44591296076509, 39.81580325599829], [64.44529539595673, 39.81597986252553], [64.44487055031952, 39.81510193624995], [64.44481133068102, 39.8149957057946], [64.44396284764066, 39.81347365039739], [64.44467643786136, 39.813164586550236], [64.44599287399444, 39.81258258007454], [64.44515174007144, 39.81151402775833], [64.44545035354662, 39.81137351645793], [64.44522143406611, 39.81113350262486], [64.44499088414341, 39.8108687675446], [64.44500514939011, 39.8108590302238], [64.44529990639776, 39.810731847341906], [64.44495873793095, 39.81009993312793], [64.44432206954976, 39.810304617569614], [64.44418896886904, 39.810304617569614], [64.44411291120889, 39.810284533445966], [64.44406775200123, 39.810260798220455], [64.44403210056258, 39.81022428310994], [64.44399882516782, 39.81013481976506], [64.44397981052819, 39.81005996211224], [64.44399691894277, 39.80987334897119], [64.44366364576899, 39.80988062567177], [64.44347890543419, 39.809894277160204], [64.44271394685062, 39.80994287265557], [64.44243085716188, 39.8099572328242], [64.44219314227645, 39.80994692676407], [64.44217705165308, 39.8099471627649], [64.44211923787802, 39.80994801084988], [64.44201992193686, 39.809873492504046], [64.44192960352156, 39.80981871883231], [64.44182740129334, 39.8097548162751], [64.44177035827282, 39.80970917135791], [64.44160873608183, 39.8095156365998], [64.44135679547558, 39.80918151443903], [64.44117615864496, 39.80888609747379], [64.4410180093409, 39.80867826483267], [64.44096669038535, 39.808589682081255], [64.44088592285816, 39.80860374027991], [64.44076198319672, 39.80856360208629], [64.44064076632891, 39.80837736787583], [64.44067371563521, 39.808258440636116], [64.44061499635833, 39.8081795018848], [64.44053525740215, 39.80809169552037], [64.44039870808909, 39.8079129294732], [64.4402938261864, 39.80772817441885], [64.4401189592349, 39.807315876034714], [64.4400904377246, 39.807206323881935], [64.44003909900613, 39.80706463683463], [64.44002473045315, 39.806960561533785], [64.44001166625397, 39.806775320165], [64.4399993368767, 39.80677663548193], [64.43996032753547, 39.80678079812169], [64.4398020327043, 39.806792848520644], [64.43938561865436, 39.80679942165286], [64.43932839776741, 39.806798895112244], [64.43890930763622, 39.806795039564804], [64.43857988374343, 39.80679613543188], [64.43801664814512, 39.80679516585173], [64.43796638650666, 39.80679423284653], [64.43772870665553, 39.80680883934579], [64.4374007083891, 39.806878222590214], [64.43646662758023, 39.80717949116541], [64.43561811040392, 39.807440589207346], [64.43539518717795, 39.8075079602151], [64.4346595352322, 39.80772102515585], [64.43411287175427, 39.80788169983185], [64.43366603356228, 39.80798212114111], [64.43350203442908, 39.808053329153225], [64.43339983220086, 39.808139143308225], [64.4333464435269, 39.80820565172345], [64.43331189072781, 39.80824869397456], [64.43325985222172, 39.80829179830569], [64.43307731455599, 39.80838382009315], [64.43304997433033, 39.808394018735704], [64.43253943210995, 39.80861020834771], [64.43236117222162, 39.80870149961118], [64.43221856467026, 39.808780009918], [64.4321068546731, 39.80888225584485], [64.43199989856042, 39.80895894001764], [64.43189532028829, 39.809039275955996], [64.43185031469258, 39.80908815981482], [64.43159033685946, 39.80991369548873], [64.43144135126958, 39.81051634341635], [64.43137717832063, 39.810684314396745], [64.43132586295833, 39.810753494994785], [64.43086983230604, 39.810920094263956], [64.43085995712613, 39.81092370185167], [64.43085615994742, 39.810925088854525], [64.43083910183849, 39.810931320706395], [64.43098176867863, 39.81132349150613], [64.43127308424043, 39.81224747364561], [64.43156224474389, 39.81381364931618], [64.43175746572311, 39.815014906018845], [64.43181260701022, 39.81530847019685], [64.43192834864634, 39.815796516056416], [64.4319475070164, 39.81590028058972], [64.431964416005, 39.81594707645725], [64.43294818981873, 39.81866963029086], [64.43294820059853, 39.818669658579786], [64.43300826465335, 39.818827821006344], [64.43303781653127, 39.818824275930936], [64.43316870106817, 39.8188084755732], [64.43385097152645, 39.81888899526226], [64.43490469715137, 39.81901325896741], [64.435518963346, 39.81909653829315], [64.43572949700757, 39.81911967364452], [64.43593712911077, 39.819142490222525], [64.43635330959874, 39.819182159270355], [64.43669105278936, 39.819214352492835], [64.43669122706254, 39.819214369052034], [64.43678549806508, 39.81922335450416], [64.43697131188665, 39.81924783317982], [64.43734119589986, 39.81929656005594], [64.43734296827589, 39.819287960305026], [64.43773734665191, 39.81933054023881], [64.43806587761934, 39.81936487159784], [64.43866007724715, 39.819434242169294], [64.43930181302487, 39.81950361267074], [64.43930415493284, 39.81941477202302]]]}, "properties": {"name": "Sitorai Mohi Xosa", "code": "sitorai-mohi-xosa", "mahalla_code": "c277d3ca-b15f-476e-b529-b5347c44e248", "source": "ngis_mahalla"}}, {"type": "Feature", "geometry": {"type": "Polygon", "coordinates": [[[64.4192996212781, 39.791863561214974], [64.41928862679735, 39.791828298098], [64.41918646050176, 39.791256250756966], [64.41919200849698, 39.79100546642624], [64.41920805959444, 39.790396161832305], [64.42048091665652, 39.78381379996349], [64.42053435294119, 39.783650741967286], [64.42004297358245, 39.78363689750031], [64.41800731479185, 39.78363689681002], [64.41792717159376, 39.78363689681002], [64.41525654403446, 39.78358736666205], [64.41481357129315, 39.78357285256646], [64.41415062269829, 39.783417295785654], [64.41381194076818, 39.783260623772144], [64.41298003883135, 39.78267321013512], [64.41223621850473, 39.781972206201665], [64.41179632967979, 39.78276063751667], [64.41206684744613, 39.78357057863366], [64.41209114597623, 39.7836519251841], [64.4121928478428, 39.78399240016267], [64.41241630736302, 39.78474050298137], [64.41252626744199, 39.78564181377266], [64.4125277613403, 39.78648792219993], [64.41250042111464, 39.78690982317511], [64.41249764262544, 39.78692908853705], [64.41239840393939, 39.78761720128905], [64.41177119302151, 39.78748052539585], [64.41034511481301, 39.78717643144869], [64.40859460375145, 39.78681206461648], [64.40836643077097, 39.78670521957647], [64.40813825868882, 39.78645317543055], [64.40772826130492, 39.785858674788955], [64.4074608714724, 39.785516218892624], [64.40710791710906, 39.78512170640542], [64.4066016589543, 39.78460664614378], [64.40573888192111, 39.783790212304346], [64.40571885398187, 39.78385352805502], [64.40498330264744, 39.786118924639815], [64.40497399430448, 39.78615770776063], [64.40594733777944, 39.78629090510698], [64.40675663720542, 39.7869264958003], [64.40746611134546, 39.78748811164363], [64.40815775931702, 39.78801684827393], [64.40882088577825, 39.78854832054519], [64.4094091430505, 39.78904143589522], [64.4099061638292, 39.78946808336029], [64.40992919393817, 39.78948785259054], [64.40993338368062, 39.78949097673585], [64.41042165846173, 39.78990163908462], [64.4105143538193, 39.78991807560541], [64.4116088692463, 39.790189283843695], [64.4126748622647, 39.79045775138444], [64.41403320211086, 39.79079470483481], [64.41505997917558, 39.79104673307543], [64.41660014342514, 39.791419296250645], [64.41783726640351, 39.791720631865495], [64.41841526761013, 39.791846396262784], [64.41865702401603, 39.79189796289171], [64.4192996212781, 39.791863561214974]]]}, "properties": {"name": "Gʻafur Gʻulom", "code": "g-afur-g-ulom", "mahalla_code": "19631a98-8ea5-4bf1-83f1-84fecd14ef0c", "source": "ngis_mahalla"}}, {"type": "Feature", "geometry": {"type": "Polygon", "coordinates": [[[64.42724962710093, 39.75448650109536], [64.42724878358288, 39.75445956424953], [64.42724869824292, 39.75445688119989], [64.4269733556252, 39.75446171276102], [64.42688221075983, 39.75170206612268], [64.42878929997202, 39.75162575875269], [64.42878930087035, 39.75162565101188], [64.42878930087035, 39.75162217982464], [64.42878930266698, 39.75158709223099], [64.42873614486004, 39.748803879275435], [64.42873598406159, 39.74879620588285], [64.42873598406159, 39.748796175493176], [64.42873162543584, 39.74879623765389], [64.42873158411334, 39.748796239035215], [64.42873138917894, 39.748796242488595], [64.42772137557577, 39.74881308596402], [64.42670786932274, 39.74883019465419], [64.42654640433695, 39.74883147240127], [64.42652163419132, 39.74883166855268], [64.42568267239466, 39.74883328611137], [64.42378935345742, 39.74883693632375], [64.42378153721614, 39.74883695151857], [64.42378016459038, 39.74883726646591], [64.42378010080998, 39.74883728097005], [64.42378010350494, 39.74883742186757], [64.42392312068807, 39.75594627191348], [64.42728861667922, 39.755943056467004], [64.42726008798243, 39.75482012235368], [64.42724962710093, 39.75448650109536]]]}, "properties": {"name": "Shodlik", "code": "shodlik", "mahalla_code": "7dc7e488-51b4-431e-ac05-0fcfa211eb4c", "source": "ngis_mahalla"}}, {"type": "Feature", "geometry": {"type": "Polygon", "coordinates": [[[64.42939716926354, 39.743655528019005], [64.42946857275221, 39.74879424436741], [64.4349457241087, 39.74872142030486], [64.43494592622964, 39.748721481084274], [64.43495047799317, 39.74872142030486], [64.4374411918657, 39.74946439286414], [64.43798694175699, 39.74831055989397], [64.43847840016747, 39.74730462994208], [64.43588097721897, 39.74649327579129], [64.43593184881354, 39.74642813469561], [64.43659936444325, 39.74486643391382], [64.43677507760776, 39.74362927628275], [64.42939716926354, 39.743655528019005]]]}, "properties": {"name": "Gulshan", "code": "gulshan", "mahalla_code": "b9e189e3-fa96-4bd0-b637-f8975833c1e4", "source": "ngis_mahalla"}}, {"type": "Feature", "geometry": {"type": "Polygon", "coordinates": [[[64.42988880104886, 39.78100371414858], [64.42991084031604, 39.78090937686921], [64.43131875099624, 39.77488277779843], [64.43132063386506, 39.774874639211355], [64.43091453427121, 39.77482526569426], [64.4306055506444, 39.77479147132994], [64.43045224685294, 39.77477685734038], [64.43030013243094, 39.77473118920709], [64.43007790180604, 39.774630719345375], [64.42969999134583, 39.77443160602625], [64.42936605072379, 39.774257152525635], [64.42916877709413, 39.774153028268564], [64.4288395903566, 39.77400049564446], [64.42840107146243, 39.77383882838257], [64.4279411609864, 39.77370090859287], [64.42750620660733, 39.77366894054116], [64.42719174056234, 39.77365418615694], [64.42686659534525, 39.77364834032683], [64.42663461979618, 39.77364980195701], [64.426288558206, 39.77365126289672], [64.42602425767976, 39.77367756809163], [64.42574664771425, 39.773695104882634], [64.4256591733651, 39.7737050083346], [64.4256229182586, 39.77370556067431], [64.42560911744086, 39.77370536735543], [64.42560765857682, 39.7737053466427], [64.42549956968861, 39.773703824946764], [64.42535578175097, 39.7737018006216], [64.42535567395312, 39.77370376004683], [64.42533124606561, 39.77370189313849], [64.42489917348195, 39.773683285500276], [64.4247506136935, 39.77367688733265], [64.42473176254728, 39.773676075392906], [64.424715965673, 39.77411457530687], [64.42478441729764, 39.774292865135635], [64.42490420853912, 39.77428994259294], [64.42494413865349, 39.77441269894405], [64.42496648065291, 39.77448576855702], [64.42499024827872, 39.774514995966236], [64.42505204518373, 39.774664787883395], [64.42518039197994, 39.77491504906791], [64.42524694276943, 39.775117814640865], [64.42530873877617, 39.77516165569266], [64.4253964278226, 39.775176360044206], [64.42544103366804, 39.77551417194498], [64.42546062772104, 39.77558947178003], [64.42550872531797, 39.77584822846587], [64.42550187835889, 39.77584808624277], [64.42412943226779, 39.77585983068995], [64.42419064257295, 39.777498793475075], [64.42419018712708, 39.77844421619999], [64.42419284973359, 39.77849220567741], [64.42416913600674, 39.778523929166866], [64.42417626683346, 39.778589687479645], [64.42420193619269, 39.77881217034092], [64.42421676917466, 39.77916058780972], [64.4242159130802, 39.779164919880884], [64.4240596843742, 39.77916863338041], [64.42406080187841, 39.77921248980151], [64.42406219336878, 39.77922119190737], [64.42412801742124, 39.77988785624115], [64.42419256856093, 39.779894969047064], [64.42432800845461, 39.7799932503721], [64.42431042662788, 39.780381421642886], [64.42430507356708, 39.7805779316769], [64.42431481220308, 39.783572776630635], [64.42483386955406, 39.783432532686504], [64.42536781648082, 39.783208942977545], [64.42837590246482, 39.78139672250757], [64.42897007154993, 39.781154540585334], [64.42955439240457, 39.781033448269035], [64.42988880104886, 39.78100371414858]]]}, "properties": {"name": "Alisher Navoiy", "code": "alisher-navoiy", "mahalla_code": "d41ec5f2-5685-4570-a0ab-5a70c6e640ee", "source": "ngis_mahalla"}}, {"type": "Feature", "geometry": {"type": "Polygon", "coordinates": [[[64.40583054601271, 39.76514791810013], [64.407753192249, 39.76401745823245], [64.40826662075641, 39.763740557736824], [64.41182217421049, 39.762701047978226], [64.41182501648007, 39.76270023798067], [64.4056263688301, 39.75257390637468], [64.404423143779, 39.7527975659001], [64.4004418517623, 39.75333547539095], [64.40041446123095, 39.75370899689009], [64.40038759711238, 39.75407532008803], [64.39949841859301, 39.75474310019831], [64.39770173861743, 39.755864474803325], [64.39721322218952, 39.756189894724436], [64.39437059150781, 39.755785667222305], [64.39430903355463, 39.75560748830425], [64.39430902097824, 39.755607468276644], [64.39405832992853, 39.755569454541344], [64.39397329001383, 39.755556558153835], [64.39390170237054, 39.755545701816324], [64.39373384676979, 39.755520246736765], [64.39346424618336, 39.75547936209833], [64.39325865235756, 39.75545423710471], [64.39281552959757, 39.75540008515366], [64.39252102052491, 39.755364094096514], [64.39249043648277, 39.75536035652276], [64.3922017098656, 39.75532507262838], [64.39203619257958, 39.755304846069656], [64.39194875955295, 39.7552921236661], [64.39186429006848, 39.755279832200536], [64.39152690620398, 39.75523073952089], [64.39067596267805, 39.75510691512181], [64.38980244089576, 39.75498391923504], [64.38877081562347, 39.7548255595578], [64.3879175059351, 39.754702561096785], [64.38784758825992, 39.75471168826693], [64.38779794017077, 39.75471816899899], [64.38769529866642, 39.754717156557305], [64.38765088595878, 39.75471671870734], [64.38765085900931, 39.75471673113842], [64.387566264659, 39.75475629093998], [64.38756628352361, 39.75475630751476], [64.38760988145931, 39.75479181476889], [64.38766004967297, 39.75483267150027], [64.38802413685764, 39.75517335188399], [64.38802416201045, 39.75517338019904], [64.38840295551464, 39.755598904759914], [64.38851971045042, 39.75573375585411], [64.38874323734426, 39.755991927646214], [64.388989629057, 39.75630578633645], [64.38898964432838, 39.756305806363805], [64.38919194582867, 39.7565461337567], [64.3893389991424, 39.75668888064477], [64.38933902609183, 39.75668890964974], [64.38947141351021, 39.75683735778466], [64.38955365427445, 39.75694556822585], [64.38968844199127, 39.757122919116796], [64.38979507650706, 39.757312349335834], [64.38987968163715, 39.757433941243136], [64.38987969511187, 39.75743395988901], [64.39008336923796, 39.75770283766554], [64.39024378409317, 39.75791460665369], [64.39057292591495, 39.75837550021534], [64.39072641475934, 39.758623749579215], [64.39073111833818, 39.75863135834412], [64.39076974409878, 39.75874302574602], [64.39116595324136, 39.75961789823705], [64.39136530467425, 39.75960254212064], [64.39150737593138, 39.75999582598162], [64.39245811060725, 39.75987781778715], [64.39260379848173, 39.760548921224036], [64.39277454845431, 39.7616648792682], [64.39488484736356, 39.7610609684197], [64.39477756785739, 39.76084592483352], [64.39460929094678, 39.760510470331326], [64.39454083932215, 39.760369052402346], [64.39482035012279, 39.76028244734693], [64.39500146216217, 39.76023859681924], [64.39502998367243, 39.76020570890513], [64.39529951239366, 39.76014979906987], [64.39566601514814, 39.7600752530126], [64.39605105643508, 39.7599963218052], [64.39620222043953, 39.760319720273515], [64.39631488085425, 39.76048196689533], [64.39642183606858, 39.76063434716569], [64.39657216823309, 39.7607272247788], [64.39660284300511, 39.76085435994549], [64.39669221100282, 39.76096252333259], [64.39681009961251, 39.76100345029255], [64.39684812889173, 39.76099906528696], [64.39686714353137, 39.76088359314214], [64.39687745708913, 39.76076657327125], [64.39740175880469, 39.760738815049734], [64.39764673297596, 39.760719885561834], [64.39777032588769, 39.76071842365713], [64.3977741473209, 39.76075022784623], [64.39777793192322, 39.760785660883236], [64.39895102478472, 39.76073012649004], [64.39903432735767, 39.76072854097625], [64.39903152371566, 39.76051058703547], [64.3994207412704, 39.76048893461786], [64.40033535558702, 39.76040355821596], [64.4015574740052, 39.76025727369464], [64.4019986528109, 39.7601582100975], [64.40223157877756, 39.760717303577096], [64.40245024398907, 39.76117773090564], [64.4025785907853, 39.761579688009554], [64.40271169146597, 39.76201453052373], [64.4029541252016, 39.76225935619558], [64.40334867335922, 39.76255168440139], [64.4034247310194, 39.762657653362986], [64.40401417676274, 39.76331904020971], [64.40472246243166, 39.76409369594191], [64.40515503897021, 39.764572370376435], [64.40576374638988, 39.76519739661077], [64.40583054601271, 39.76514791810013]]]}, "properties": {"name": "Afshormahalla", "code": "afshormahalla", "mahalla_code": "e970533a-cd23-46d9-9aaf-55054a4a3c7d", "source": "ngis_mahalla"}}, {"type": "Feature", "geometry": {"type": "Polygon", "coordinates": [[[64.41648494077815, 39.77380386119453], [64.4170340674366, 39.77379494506275], [64.41712929334831, 39.77361042561523], [64.41726062344958, 39.77363478175496], [64.41730964361632, 39.77364387327548], [64.41747479528807, 39.77367450191445], [64.41747714797576, 39.773674938263], [64.41747766001548, 39.773674480511275], [64.41749989691202, 39.77367431411887], [64.41761716388753, 39.773673438660005], [64.41762501246816, 39.7736703186295], [64.41763384021247, 39.773637767844555], [64.41765995783105, 39.773541463109595], [64.41767039715295, 39.77350234768711], [64.41768024358677, 39.77339069455424], [64.41770476220415, 39.77311266285689], [64.41770354229199, 39.773106449671694], [64.41765832918546, 39.77266591069457], [64.4175847993845, 39.77232987166968], [64.41746355646553, 39.77229715730733], [64.4173081137854, 39.772252218013556], [64.41725507096281, 39.77224025339113], [64.4171745558622, 39.772170972600826], [64.41712107825502, 39.77210794851445], [64.41706444845954, 39.772042158462455], [64.41705430288673, 39.77203037193745], [64.41696702526865, 39.77192897570236], [64.4165431111844, 39.771510011175025], [64.41602689340804, 39.77095634942852], [64.41591602782727, 39.770878327592435], [64.41572196028486, 39.770710754443485], [64.41564082085512, 39.77061710455817], [64.41562974013608, 39.770564458677306], [64.41550504768645, 39.770198761745824], [64.41550013929174, 39.770184365656995], [64.4154725134018, 39.77010334220349], [64.41541895494626, 39.769946267029916], [64.41537139544016, 39.76980678589761], [64.41519202164088, 39.76954852158842], [64.41504730933681, 39.76943003055694], [64.41502714485364, 39.76941352009525], [64.41501277989391, 39.769396390279994], [64.41489255027459, 39.769253032429454], [64.41488867494249, 39.769248411118234], [64.41487732472885, 39.76921839364693], [64.41479903295858, 39.769011339437824], [64.41478665776724, 39.76897860968897], [64.41474948997234, 39.768859921582205], [64.41473516633515, 39.76836842922923], [64.41473107181407, 39.768227954752405], [64.41472615533452, 39.76805924483413], [64.4147235448303, 39.76796966104389], [64.4146226810919, 39.76770908500459], [64.41439466082502, 39.7670970441583], [64.41391756378097, 39.76646411585564], [64.41310786819794, 39.76567075960194], [64.41275359420948, 39.76480378062735], [64.41182217421049, 39.762701047978226], [64.40826662075641, 39.763740557736824], [64.407753192249, 39.76401745823245], [64.40583054601271, 39.76514791810013], [64.40576374638988, 39.76519739661077], [64.40545150187857, 39.76542867425512], [64.40528274077606, 39.765566542258284], [64.40457427544408, 39.7661104898852], [64.40436862322775, 39.76633146705744], [64.40430877926016, 39.7663705133618], [64.40475241765311, 39.76658786873834], [64.40540366030147, 39.766913063984646], [64.40606916370501, 39.76726748749093], [64.40679646311523, 39.76761094840236], [64.40721002591246, 39.76777902417382], [64.40772816788014, 39.76795440760036], [64.40804907574405, 39.768054479822645], [64.40925919266999, 39.76849490883484], [64.41025882264684, 39.76890928902102], [64.41102663697467, 39.769189697722055], [64.41113897219924, 39.76923414809127], [64.41117814952543, 39.769249650510716], [64.41162923135883, 39.76942314659528], [64.41190166882492, 39.769568565133], [64.41200571619271, 39.769624102064476], [64.41206225256343, 39.769658405767224], [64.41235439367699, 39.76983566315719], [64.41238257831903, 39.76985153829134], [64.4124871359299, 39.76992295701681], [64.41265434384529, 39.770013934378944], [64.41279686785334, 39.770084895160345], [64.41284647012839, 39.770112834657624], [64.41284795234859, 39.770113669424575], [64.41286862887148, 39.77012531611431], [64.41306230834168, 39.770252355216485], [64.41362769360848, 39.770583767281025], [64.41364546228479, 39.7705911599926], [64.41362106853323, 39.77061885762498], [64.41341973811177, 39.77084745674106], [64.41317728101997, 39.77112275097547], [64.41312183879727, 39.771182586775545], [64.41303981273033, 39.771227474983895], [64.41296531095226, 39.771268245324734], [64.41279673939427, 39.77134528697272], [64.41276114634607, 39.771355417229806], [64.41272180822145, 39.771361342656185], [64.41268442213598, 39.77136697395118], [64.41246814644312, 39.771665615584695], [64.41241941463558, 39.77172569602073], [64.41239398782146, 39.77175704426559], [64.41228294527257, 39.77195321437144], [64.41227007870273, 39.77200781521146], [64.41225540562091, 39.77207008128526], [64.41225570745482, 39.772181098593755], [64.41226573624665, 39.77218123875306], [64.41228432777979, 39.77218149835844], [64.41227855790069, 39.772341290139764], [64.41228195083754, 39.77239340647686], [64.41225937168285, 39.772513974074066], [64.412251898598, 39.77257255897566], [64.41224748697165, 39.772607140145226], [64.41224618351616, 39.77262230901515], [64.41220542605342, 39.77278365739211], [64.41218260884521, 39.772834807477935], [64.41222133881037, 39.772860845096794], [64.41223347954146, 39.77289655359819], [64.4122415535992, 39.77292030033862], [64.4123195120945, 39.77299044824754], [64.41233277482135, 39.77302990641493], [64.41235662329554, 39.7731008571831], [64.41231398026898, 39.77312153419908], [64.41223445601017, 39.773160094732155], [64.4121344968752, 39.7732085649809], [64.41176479701667, 39.773368465536926], [64.4115005620674, 39.77349960738354], [64.41140484477728, 39.77354711217731], [64.4117631935239, 39.773588133149715], [64.41245867820001, 39.773704426306644], [64.41298948820982, 39.7737699896917], [64.41327995306705, 39.77382149530307], [64.41405749794606, 39.77379057606111], [64.41462348598239, 39.7738337171786], [64.41518844993931, 39.77382682813392], [64.4157907532693, 39.77383377793584], [64.41648494077815, 39.77380386119453]]]}, "properties": {"name": "Hamid Olimjon", "code": "hamid-olimjon", "mahalla_code": "b85f031b-43c1-44cc-9103-17661defe7fc", "source": "ngis_mahalla"}}, {"type": "Feature", "geometry": {"type": "Polygon", "coordinates": [[[64.40359767108463, 39.743610776559535], [64.4034136404189, 39.74311551426668], [64.40293512762996, 39.743233373661965], [64.40122369507989, 39.74367128140441], [64.40143606310129, 39.74428601703787], [64.4016039178037, 39.744771902753826], [64.40270653154302, 39.74745532438851], [64.40303075239365, 39.74835934670013], [64.40367717917378, 39.749397099692196], [64.40393264746417, 39.74980721599387], [64.40418719767636, 39.74971691986524], [64.40419670724194, 39.74971402597797], [64.40495932391758, 39.74948193858513], [64.4049966192732, 39.74947058884416], [64.40500099496697, 39.74946928348221], [64.40540335038271, 39.749349240498525], [64.40544004027387, 39.74933842047883], [64.40579585038151, 39.74923348774819], [64.40597832426685, 39.74917691701289], [64.4058223533773, 39.74888854070514], [64.40570826643793, 39.7483695542416], [64.40502374929311, 39.74706110555576], [64.40460472743388, 39.74601961521276], [64.40359767108463, 39.743610776559535]]]}, "properties": {"name": "Bahouddin Naqshband", "code": "bahouddin-naqshband", "mahalla_code": "6570c79a-2b0a-46df-9b36-35de203f55ee", "source": "ngis_mahalla"}}, {"type": "Feature", "geometry": {"type": "Polygon", "coordinates": [[[64.42059122887508, 39.78364925983976], [64.42089860900911, 39.783641249309134], [64.42089882999466, 39.783176796404774], [64.42092543180517, 39.782760249549035], [64.42098234636664, 39.782645235006385], [64.42098135462655, 39.78262414526974], [64.42097165102487, 39.78241783414868], [64.4209787818516, 39.782050702153015], [64.42092546504284, 39.78172941604054], [64.42089149794532, 39.78146615417212], [64.42083448277255, 39.78125307554061], [64.42083083830745, 39.78123945426436], [64.4207805416347, 39.78076507511991], [64.42072134625073, 39.78040221797461], [64.42067083937219, 39.77991132373421], [64.42063120300692, 39.77966429574609], [64.4203797780336, 39.77934353283665], [64.42053600134973, 39.77859386770412], [64.42054143076732, 39.77830262799223], [64.42054691318548, 39.77800855993573], [64.42049293431837, 39.77762176916883], [64.42041453744523, 39.77714855600949], [64.42035803880376, 39.776859879824194], [64.42035695992709, 39.77684640611289], [64.4203680469343, 39.776734701101816], [64.42034725003717, 39.77625291468138], [64.42029377243, 39.77579395861385], [64.4202700039059, 39.77542633492086], [64.42023732319585, 39.774999340790245], [64.42017017861994, 39.77462851622989], [64.42012264247008, 39.77441661568274], [64.42007296383822, 39.774337524858545], [64.41947881631266, 39.77346133080622], [64.41926571077444, 39.773412577660146], [64.4190052137151, 39.77339065658072], [64.4186914762038, 39.7733804265111], [64.41856367199003, 39.77338313022673], [64.41855512182515, 39.77338331111887], [64.41848421959641, 39.77338481072819], [64.41838630592538, 39.77340255472209], [64.41827000463879, 39.77344107781465], [64.41784230685057, 39.773621515920794], [64.41761163116371, 39.7737196584538], [64.41762464415892, 39.773671676695464], [64.41762501246816, 39.7736703186295], [64.41761716388753, 39.773673438660005], [64.41749989691202, 39.77367431411887], [64.41747766001548, 39.773674480511275], [64.41747714797576, 39.773674938263], [64.41747479528807, 39.77367450191445], [64.41730964361632, 39.77364387327548], [64.41726062344958, 39.77363478175496], [64.41712929334831, 39.77361042561523], [64.4170340674366, 39.77379494506275], [64.41704803983255, 39.77386360283784], [64.41714323070994, 39.77402664052814], [64.41710044844454, 39.77419707498951], [64.41710171686572, 39.774198998498825], [64.41712099650834, 39.77422823086272], [64.41717644322264, 39.774235556902646], [64.41715576490311, 39.77433831055461], [64.41712580608838, 39.774454862040926], [64.41712118245962, 39.77447284947618], [64.41711896451915, 39.774478567509135], [64.41707590467435, 39.77458957748117], [64.41702563495105, 39.774679452297015], [64.41700699850216, 39.77470618515604], [64.41698296317841, 39.77476295861668], [64.41698164894318, 39.77476606271812], [64.41687119928234, 39.775026955180344], [64.4166839706142, 39.77613814885322], [64.41632974513475, 39.77611097745561], [64.41626037902513, 39.77656439926648], [64.41624384732894, 39.77666795996539], [64.41635665237243, 39.77667352592917], [64.4163571096149, 39.776673588064675], [64.41635934731829, 39.77667365917537], [64.41649055884196, 39.776677823637115], [64.416491185866, 39.77670191496071], [64.41653914332578, 39.77670142754216], [64.4165389214419, 39.7767041221522], [64.41653476673372, 39.77686688455131], [64.4165369065207, 39.77713649972585], [64.4165390454094, 39.777353506984745], [64.41654261082279, 39.777529961661486], [64.41654474971146, 39.777645588840635], [64.41654474971146, 39.77777984721517], [64.41653980628243, 39.77784286610826], [64.4164979744346, 39.7781088246564], [64.41648262222641, 39.77823034670218], [64.41648019228356, 39.77824958411763], [64.41647895979501, 39.7782593391732], [64.41645424085331, 39.77838501150412], [64.41642952280998, 39.77851652902271], [64.41640860643689, 39.77858959358856], [64.41628749736691, 39.778928068062875], [64.41621191491555, 39.77913958951474], [64.41618460702922, 39.77921046149618], [64.41617011720368, 39.77924806867021], [64.41607358514158, 39.779491392954945], [64.41603793280458, 39.77976319044368], [64.4160264622167, 39.7798488576449], [64.41601326147362, 39.77994744279509], [64.41597644222506, 39.7801116086206], [64.41579318321216, 39.78020629079261], [64.41575101269943, 39.780216686224236], [64.4155412435042, 39.78026839411908], [64.4154081428235, 39.780286660320634], [64.41519164524675, 39.78031580449453], [64.41525654403446, 39.78358736666205], [64.41792717159376, 39.78363689681002], [64.41800731479185, 39.78363689681002], [64.42004297358245, 39.78363689750031], [64.42053435294119, 39.783650741967286], [64.42059122887508, 39.78364925983976]]]}, "properties": {"name": "Mirzo Ulugʻbek", "code": "mirzo-ulug-bek", "mahalla_code": "8dfb45f0-2126-4f44-a9c1-d9978cea3449", "source": "ngis_mahalla"}}, {"type": "Feature", "geometry": {"type": "Polygon", "coordinates": [[[64.4283167807427, 39.791868894718455], [64.4280897414361, 39.79094082507132], [64.42815191563355, 39.790930051621295], [64.42818524582555, 39.790924276283825], [64.42847888443067, 39.790873394345674], [64.42896375100358, 39.79078281039051], [64.42934317782003, 39.790701348715466], [64.42935537245002, 39.79069800443401], [64.42962370820854, 39.79062440880403], [64.42974159771651, 39.790587883265175], [64.42991843108018, 39.79053090197777], [64.43006502086321, 39.79047305989339], [64.43007562188188, 39.79046887693923], [64.43023070254094, 39.79035974661348], [64.43051591854197, 39.790094931547465], [64.43071319306993, 39.78987394645111], [64.43136918870448, 39.78909958152172], [64.43197289520297, 39.7883927826061], [64.43198953290035, 39.78836903982374], [64.43173594478385, 39.78809045428662], [64.43075648827337, 39.78696745012332], [64.4306591531174, 39.78686538007891], [64.42980298678641, 39.78596754855956], [64.42942382137971, 39.78545394979649], [64.42917529976143, 39.784715599901105], [64.42918708565794, 39.78415759803099], [64.42966535680007, 39.78202105614538], [64.42975426036877, 39.781357731669836], [64.42988880104886, 39.78100371414858], [64.42955439240457, 39.781033448269035], [64.42897007154993, 39.781154540585334], [64.42837590246482, 39.78139672250757], [64.42536781648082, 39.783208942977545], [64.42483386955406, 39.783432532686504], [64.42431481220308, 39.783572776630635], [64.42396964713157, 39.78362237167964], [64.42320662082419, 39.7836601669723], [64.42203199813171, 39.78365097184546], [64.42183915948463, 39.78364946210493], [64.4218391172638, 39.7836494614146], [64.42160436232724, 39.78364762446004], [64.42100953028545, 39.78363835822808], [64.42092348785089, 39.78364060109396], [64.42053435294119, 39.783650741967286], [64.42048091665652, 39.78381379996349], [64.41920805959444, 39.790396161832305], [64.41919200849698, 39.79100546642624], [64.41918646050176, 39.791256250756966], [64.41928862679735, 39.791828298098], [64.4192996212781, 39.791863561214974], [64.41996317443913, 39.79177039360213], [64.42038208490725, 39.79176811096715], [64.42071780778683, 39.79180463587929], [64.42154968636748, 39.791925626410496], [64.42261330334196, 39.79206487911343], [64.423727427195, 39.792208697465774], [64.42474647874825, 39.79235251551742], [64.42502278166502, 39.79233881844158], [64.42591110947981, 39.79223609166651], [64.42694798720156, 39.792128798801755], [64.4283167807427, 39.791868894718455]]]}, "properties": {"name": "Sobir Rahimov", "code": "sobir-rahimov", "mahalla_code": "c5549200-e6bf-4e93-8232-12dec2d02b12", "source": "ngis_mahalla"}}, {"type": "Feature", "geometry": {"type": "Polygon", "coordinates": [[[64.42404319489884, 39.762592487501465], [64.42404319400053, 39.76259245642733], [64.42404316794939, 39.76259106292548], [64.42404212410703, 39.76253315661364], [64.4239257797013, 39.75607838064001], [64.42392457416221, 39.756018506851554], [64.42392312068807, 39.75594627191348], [64.42378010350494, 39.74883742186757], [64.42378010080998, 39.74883728097005], [64.42377985287499, 39.74883728166074], [64.42377934622515, 39.74883728925813], [64.4196286517088, 39.74890151984058], [64.4181268607932, 39.74892476444928], [64.41812683384376, 39.748924763758595], [64.41812586995148, 39.74892477411871], [64.4181167098305, 39.748924914325364], [64.41811667749118, 39.748924917778744], [64.41811670354228, 39.74892566784976], [64.418116702644, 39.74892569685801], [64.41780647844375, 39.74893639538412], [64.41780112178974, 39.74893658048449], [64.4177406166621, 39.74893750391431], [64.41474128116728, 39.748983276872224], [64.41474014749338, 39.748983899858864], [64.41474015198497, 39.74898414711966], [64.41474012234056, 39.74898414781034], [64.41394168893625, 39.74899598248352], [64.41233301467155, 39.749019834851886], [64.41184622750053, 39.74902581952624], [64.41184619965279, 39.74902581952624], [64.4116896556381, 39.74902774719209], [64.41168962329873, 39.74902774788277], [64.41143736468887, 39.74903079650942], [64.41095164920802, 39.74903667136596], [64.41095164471642, 39.74903645587629], [64.40753397726854, 39.74910783195876], [64.4073788409139, 39.749111071207174], [64.40726554628861, 39.749113436756225], [64.40607309922426, 39.74914963482732], [64.40607205717852, 39.749149112680136], [64.40607108789635, 39.74914862782913], [64.40607075102811, 39.74914845861478], [64.4060705093813, 39.749148337747386], [64.40607048422848, 39.74914834396343], [64.405978316182, 39.74917692461029], [64.40579585577139, 39.74923349189223], [64.4054400411722, 39.749338418406786], [64.40540335038271, 39.749349240498525], [64.40500099496697, 39.74946928348221], [64.4049966192732, 39.74947058884416], [64.40495935356198, 39.74948193098781], [64.40495932481586, 39.749481939966486], [64.40419670724194, 39.74971402597797], [64.40418719767636, 39.74971691986524], [64.40405222041501, 39.74976480021406], [64.40393265015913, 39.749807215303186], [64.4056263688301, 39.75257390637468], [64.41182501648007, 39.76270023798067], [64.41204232882875, 39.762741768816184], [64.41345379414253, 39.76272380524654], [64.41345386870267, 39.76272380455599], [64.41720921825576, 39.76268073934036], [64.42152725543482, 39.762624171362326], [64.42404319489884, 39.762592487501465]]]}, "properties": {"name": "Ahmad Donish", "code": "ahmad-donish", "mahalla_code": "f4d234b4-9586-4335-aa8f-0faeb65e6771", "source": "ngis_mahalla"}}, {"type": "Feature", "geometry": {"type": "Polygon", "coordinates": [[[64.40893433671044, 39.77579673541748], [64.40909910300489, 39.77550218372531], [64.40935202277483, 39.77518458075438], [64.40980534680318, 39.77470012814835], [64.41053301631932, 39.77404077690546], [64.41129298296482, 39.77360263001927], [64.41140484477728, 39.77354711217731], [64.4115005620674, 39.77349960738354], [64.41176479701667, 39.773368465536926], [64.4121344968752, 39.7732085649809], [64.41223445601017, 39.773160094732155], [64.41231398026898, 39.77312153419908], [64.41235662329554, 39.7731008571831], [64.41233277482135, 39.77302990641493], [64.4123195120945, 39.77299044824754], [64.4122415535992, 39.77292030033862], [64.41223347954146, 39.77289655359819], [64.41222133881037, 39.772860845096794], [64.41218260884521, 39.772834807477935], [64.41220542605342, 39.77278365739211], [64.41224618351616, 39.77262230901515], [64.41224748697165, 39.772607140145226], [64.412251898598, 39.77257255897566], [64.41225937168285, 39.772513974074066], [64.41228195083754, 39.77239340647686], [64.41227855790069, 39.772341290139764], [64.41228432777979, 39.77218149835844], [64.41226573624665, 39.77218123875306], [64.41225570745482, 39.772181098593755], [64.41225540562091, 39.77207008128526], [64.41227007870273, 39.77200781521146], [64.41228294527257, 39.77195321437144], [64.41239398782146, 39.77175704426559], [64.41241941463558, 39.77172569602073], [64.41246814644312, 39.771665615584695], [64.41268442213598, 39.77136697395118], [64.41272180822145, 39.771361342656185], [64.41276114634607, 39.771355417229806], [64.41279673939427, 39.77134528697272], [64.41296531095226, 39.771268245324734], [64.41303981273033, 39.771227474983895], [64.41312183879727, 39.771182586775545], [64.41317728101997, 39.77112275097547], [64.41341973811177, 39.77084745674106], [64.41362106853323, 39.77061885762498], [64.41364546228479, 39.7705911599926], [64.41362769360848, 39.770583767281025], [64.41306230834168, 39.770252355216485], [64.41286862887148, 39.77012531611431], [64.41284795234859, 39.770113669424575], [64.41284647012839, 39.770112834657624], [64.41279686785334, 39.770084895160345], [64.41265434384529, 39.770013934378944], [64.4124871359299, 39.76992295701681], [64.41238257831903, 39.76985153829134], [64.41235439367699, 39.76983566315719], [64.41206225256343, 39.769658405767224], [64.41200571619271, 39.769624102064476], [64.41190166882492, 39.769568565133], [64.41162923135883, 39.76942314659528], [64.41117814952543, 39.769249650510716], [64.41113897219924, 39.76923414809127], [64.41102663697467, 39.769189697722055], [64.41025882264684, 39.76890928902102], [64.40925919266999, 39.76849490883484], [64.40804907574405, 39.768054479822645], [64.40772816788014, 39.76795440760036], [64.40721002591246, 39.76777902417382], [64.40679646311523, 39.76761094840236], [64.40606916370501, 39.76726748749093], [64.40540366030147, 39.766913063984646], [64.40475241765311, 39.76658786873834], [64.40430877926016, 39.7663705133618], [64.40424158797185, 39.76645778744777], [64.40413677074787, 39.76660229872304], [64.40400307628077, 39.76686492073991], [64.4038961201681, 39.7671458114441], [64.40383075784972, 39.76750891179088], [64.40379807713968, 39.76779436741911], [64.40374757026115, 39.768207704363995], [64.40368220884106, 39.76875120441146], [64.4036227888783, 39.76936549114534], [64.40356039728854, 39.769792520224485], [64.4035158327656, 39.77019442703895], [64.40347126734437, 39.770573496747794], [64.40346768396468, 39.770610915313604], [64.40346670569934, 39.770621134057095], [64.40346211710487, 39.77066905096768], [64.40346167782872, 39.77067396010334], [64.40346079568312, 39.770683821181755], [64.40345433769451, 39.770756023399805], [64.40344042907898, 39.770911521803214], [64.40343802339066, 39.77093841492967], [64.4034235677011, 39.77107478121593], [64.40341953246883, 39.77111284646153], [64.40338403464206, 39.77136095255296], [64.40337344799643, 39.771434944391], [64.40337117525877, 39.7714508315844], [64.4032955928074, 39.77215890025565], [64.40328966931642, 39.77220740158874], [64.4032496790149, 39.772534834922375], [64.40322571465808, 39.7727310497612], [64.40321709891617, 39.7728079572088], [64.40316296733549, 39.773291137553976], [64.40312375766997, 39.77359517065981], [64.4030987934882, 39.773788746438015], [64.40324735686991, 39.773799781481], [64.40360403025853, 39.77387500034082], [64.40377978833881, 39.773912065686964], [64.40484934766893, 39.7740983939186], [64.40540551801752, 39.774164156459776], [64.40599496376085, 39.774127621492305], [64.40648933720442, 39.77408743348898], [64.4066509593954, 39.77419703770683], [64.40671751018489, 39.77438336447662], [64.40692735034705, 39.775646291459665], [64.40693105320265, 39.77564569218796], [64.40704324559512, 39.77585454979685], [64.4070526599393, 39.775872075677185], [64.40893433671044, 39.77579673541748]]]}, "properties": {"name": "Abdurauf Fitrat", "code": "abdurauf-fitrat", "mahalla_code": "4066922e-6cd7-47ee-8612-2b39c9d42804", "source": "ngis_mahalla"}}, {"type": "Feature", "geometry": {"type": "Polygon", "coordinates": [[[64.43154468268007, 39.77390633034634], [64.43164789641128, 39.773460246145234], [64.43171363242881, 39.77345100339686], [64.43168293699557, 39.77291709880289], [64.43166511082705, 39.772834894472524], [64.4312372872747, 39.771974934299536], [64.43082847836193, 39.77119854100082], [64.43080600610678, 39.77114736415251], [64.43078351768197, 39.771067009498594], [64.43076212610009, 39.77098845613996], [64.43071815536356, 39.77065506027444], [64.43069906706211, 39.77034258368641], [64.43069866282022, 39.77033954359807], [64.43069643410001, 39.77024468697522], [64.42971868259194, 39.77026026373671], [64.4275620773264, 39.77029463133514], [64.4275620773264, 39.770294610621384], [64.42752541977461, 39.76639931748894], [64.42396493187465, 39.76650339685367], [64.42100421944549, 39.76657907181827], [64.42087693445795, 39.76658232543592], [64.42010513700014, 39.76660205221605], [64.41975408616688, 39.766611025209606], [64.41980161602854, 39.767168404978186], [64.41983389429335, 39.76754692584075], [64.4198980852086, 39.76829967068716], [64.41989967792159, 39.76832055490791], [64.41990546037708, 39.76839637218509], [64.41991184200886, 39.76848004631768], [64.41991257683075, 39.76848968330535], [64.41993734338315, 39.768814415237], [64.4199394445426, 39.76884196029916], [64.41995637868402, 39.769063980292174], [64.41997354099752, 39.769134084488385], [64.41998468549693, 39.769179608574454], [64.41998615963233, 39.769196709443946], [64.42000092793556, 39.76936810594831], [64.42000748833212, 39.76944424866291], [64.42003142933275, 39.769674713863886], [64.42004054992782, 39.769750074633734], [64.42004054992782, 39.76978600293546], [64.42001720361189, 39.769861489938236], [64.41998582635733, 39.76992971388341], [64.4199214944066, 39.77012706919364], [64.41991926029648, 39.77013197008238], [64.41989516658224, 39.770184857954945], [64.41987601450039, 39.77022689866838], [64.41985167554606, 39.770280323645125], [64.41982961022775, 39.77032875794638], [64.41979646778367, 39.77040150737945], [64.41974767219573, 39.770508615251245], [64.41968107289719, 39.77065480135372], [64.41967686518842, 39.770664038263455], [64.41954917506067, 39.770915529190404], [64.41953846534584, 39.7709488925441], [64.41952751578084, 39.77098300156972], [64.41944542952682, 39.77110217623626], [64.41943304804725, 39.77112067479061], [64.41939736606585, 39.77117398929215], [64.41928469936292, 39.771342331163396], [64.41918588557999, 39.77152320768098], [64.4191403895041, 39.77161763170409], [64.41904016356953, 39.77159248567099], [64.41883266890858, 39.771545353750184], [64.41871715724113, 39.77154042189197], [64.41856741886305, 39.77156672789349], [64.41846402816375, 39.771587005602136], [64.41838060252164, 39.77158974529139], [64.41831785519905, 39.77156563146508], [64.41820590804666, 39.77150973154412], [64.41811178706274, 39.77147082002986], [64.41798343936821, 39.77143190918407], [64.41775246903393, 39.771372562437925], [64.41774967617174, 39.77137199558005], [64.41769495170296, 39.771352368210366], [64.41757456038688, 39.77132488836438], [64.41743081826333, 39.77129796915193], [64.41736937709115, 39.77128491552569], [64.41737256521208, 39.771564243668394], [64.41738258502077, 39.77171550574946], [64.41738353633666, 39.77186018895605], [64.41737569224757, 39.7718652733793], [64.41706444845954, 39.772042158462455], [64.41712107825502, 39.77210794851445], [64.4171745558622, 39.772170972600826], [64.41725507096281, 39.77224025339113], [64.4173081137854, 39.772252218013556], [64.41746355646553, 39.77229715730733], [64.4175847993845, 39.77232987166968], [64.41765832918546, 39.77266591069457], [64.41770354229199, 39.773106449671694], [64.41770476220415, 39.77311266285689], [64.41768024358677, 39.77339069455424], [64.41767039715295, 39.77350234768711], [64.41765995783105, 39.773541463109595], [64.41763384021247, 39.773637767844555], [64.41762501246816, 39.7736703186295], [64.41762464415892, 39.773671676695464], [64.41761163116371, 39.7737196584538], [64.41784230685057, 39.773621515920794], [64.41827000463879, 39.77344107781465], [64.41838630592538, 39.77340255472209], [64.41848421959641, 39.77338481072819], [64.41855512182515, 39.77338331111887], [64.41856367199003, 39.77338313022673], [64.4186914762038, 39.7733804265111], [64.4190052137151, 39.77339065658072], [64.41926571077444, 39.773412577660146], [64.41947881631266, 39.77346133080622], [64.42055573643819, 39.773471079636174], [64.42136492986299, 39.77346117615055], [64.42185490066338, 39.77345517702919], [64.42185559955264, 39.77345951567333], [64.42192071573264, 39.77339994076279], [64.42241040536031, 39.77333675209887], [64.42284466983328, 39.77328139076985], [64.42327121867628, 39.77330117776895], [64.42375392569926, 39.773348869115345], [64.42380213648391, 39.77338387519843], [64.423779570804, 39.77356226634121], [64.42404889021773, 39.7736454074004], [64.42406462690488, 39.77365026523234], [64.42417031010481, 39.773652777689605], [64.4242160244713, 39.77365386441881], [64.42422213481186, 39.773654127470834], [64.42446974553847, 39.773664791086695], [64.4246082037715, 39.77367075497808], [64.42473176254728, 39.773676075392906], [64.4247506136935, 39.77367688733265], [64.42489917348195, 39.773683285500276], [64.42533124606561, 39.77370189313849], [64.42535567395312, 39.77370376004683], [64.42535578175097, 39.7737018006216], [64.42549956968861, 39.773703824946764], [64.42560765857682, 39.7737053466427], [64.42560911744086, 39.77370536735543], [64.4256229182586, 39.77370556067431], [64.4256591733651, 39.7737050083346], [64.42574664771425, 39.773695104882634], [64.42602425767976, 39.77367756809163], [64.426288558206, 39.77365126289672], [64.42663461979618, 39.77364980195701], [64.42686659534525, 39.77364834032683], [64.42719174056234, 39.77365418615694], [64.42750620660733, 39.77366894054116], [64.4279411609864, 39.77370090859287], [64.42840107146243, 39.77383882838257], [64.4288395903566, 39.77400049564446], [64.42916877709413, 39.774153028268564], [64.42936605072379, 39.774257152525635], [64.42969999134583, 39.77443160602625], [64.43007790180604, 39.774630719345375], [64.43030013243094, 39.77473118920709], [64.43045224685294, 39.77477685734038], [64.4306055506444, 39.77479147132994], [64.43091453427121, 39.77482526569426], [64.43132063386506, 39.774874639211355], [64.43154468268007, 39.77390633034634]]]}, "properties": {"name": "Jalol Ikromiy", "code": "jalol-ikromiy", "mahalla_code": "ceba1e05-850e-438d-8bf5-3ce3a598b7bf", "source": "ngis_mahalla"}}, {"type": "Feature", "geometry": {"type": "Polygon", "coordinates": [[[64.4901126715699, 39.804419077899084], [64.49011021198264, 39.804349073827986], [64.49008555053317, 39.804254260633236], [64.49006978779487, 39.80419365926281], [64.49006607954938, 39.80417546566002], [64.49006550013601, 39.804172620989725], [64.49002199742175, 39.80395915651429], [64.48997573418463, 39.80384066261998], [64.48991258351845, 39.80356530327678], [64.48991257633193, 39.80356527981254], [64.48982670367899, 39.80327538113246], [64.48980110259167, 39.80301672068692], [64.48980109989675, 39.80301669653235], [64.48978871033236, 39.802877180287915], [64.48976723520717, 39.80263535348465], [64.48974674104227, 39.802388175890144], [64.48973139332564, 39.802203051948446], [64.48968468003255, 39.80146701506283], [64.48967255367452, 39.80127625841383], [64.48963392611732, 39.800500597366245], [64.48960124361065, 39.80019013628667], [64.48956223965934, 39.79981961725899], [64.48951444928622, 39.799233320905095], [64.489464772451, 39.79846329556962], [64.48941865563927, 39.7977696200746], [64.48941329898521, 39.797689051489755], [64.48937627132752, 39.79728761444325], [64.48933784050136, 39.79687097150074], [64.48929373501754, 39.79620123192356], [64.4892937332209, 39.79620120569602], [64.48929198869261, 39.79617736621996], [64.48924037329301, 39.79547214467582], [64.4891962669109, 39.79465831764676], [64.48918602791328, 39.79454579534602], [64.4891856182815, 39.79454129099904], [64.48918488345961, 39.7945332106444], [64.4891282635456, 39.79391088037088], [64.48909700217371, 39.793347104781255], [64.4890436422458, 39.79248231388083], [64.48899764850326, 39.79190444495529], [64.48896638982632, 39.791343445662854], [64.4889663880297, 39.79134341391144], [64.48889838466435, 39.79048715630885], [64.48885239271846, 39.78979899771387], [64.48885239092183, 39.789798968032564], [64.48878070536215, 39.78892287971246], [64.48875188201795, 39.788537916018036], [64.48872177587953, 39.78813582708876], [64.48867398550641, 39.787528171021734], [64.48866859561468, 39.78745129106774], [64.48865565987458, 39.78726675922347], [64.48862556092267, 39.78703004159617], [64.48862551780354, 39.787029699211864], [64.48859673039196, 39.78680329789272], [64.48854339022701, 39.78648314327766], [64.48851219892373, 39.78629593047912], [64.48838683722917, 39.78546923663871], [64.48829148375675, 39.78484042171147], [64.48825214473382, 39.784582146159316], [64.4881756900183, 39.78408017517026], [64.48811512739846, 39.78366227936613], [64.48805423779187, 39.78324212088688], [64.48792371258108, 39.782413997944474], [64.48779866709354, 39.78150391958352], [64.48779866260197, 39.78150389196966], [64.48776324292865, 39.78127657501447], [64.4876625777179, 39.78063051467065], [64.48766257322632, 39.780630487746805], [64.48753016694333, 39.77997053056884], [64.48753016155345, 39.77997050502548], [64.48738858616636, 39.779399573443946], [64.4872635406788, 39.77885832386006], [64.48726353259396, 39.77885829072211], [64.48712744591326, 39.778292975118866], [64.48697850523915, 39.77770221558633], [64.48690924153748, 39.777424198543244], [64.48690836029019, 39.77742066030797], [64.48690833513737, 39.777420560201804], [64.48690760929861, 39.777417648147726], [64.48678168436038, 39.77691220330972], [64.48668774932777, 39.77652491067665], [64.48663463014837, 39.776305897958984], [64.48661699532104, 39.77623144809886], [64.48660148321271, 39.77616595402721], [64.48652611366207, 39.77544938485812], [64.48644517545495, 39.77458443664502], [64.48642329968118, 39.774327854858996], [64.4864010681745, 39.77406710680662], [64.48639013927078, 39.773923013026526], [64.48636612370998, 39.77360638731575], [64.48636612191335, 39.773606359698725], [64.48630908068942, 39.772834624513074], [64.48626622027058, 39.7723500193511], [64.48624107822242, 39.77206575429105], [64.48621970101358, 39.77185378854766], [64.48618035210923, 39.7714636172857], [64.48615211266994, 39.77109079898767], [64.48612339892021, 39.77071171624689], [64.48604982689842, 39.76987349985419], [64.48599835343265, 39.76927845550474], [64.48589720313164, 39.768291837203954], [64.4858693221202, 39.7678859925053], [64.48581806155512, 39.76713983248708], [64.4858015325539, 39.76687689320153], [64.485808892451, 39.76684440411063], [64.48580889873924, 39.76684437096695], [64.48540940445764, 39.76688180951249], [64.48515977611491, 39.76690520341445], [64.48499038888664, 39.76693486007623], [64.48474134085558, 39.76697846466748], [64.48366761963078, 39.76708058768596], [64.4834694162448, 39.767099438780804], [64.48346938570207, 39.76709943947131], [64.48306975577488, 39.767111660468814], [64.48296599856296, 39.76665213455564], [64.48276010649646, 39.7657402630619], [64.48275610270521, 39.76572234722881], [64.48275507593087, 39.765717752610264], [64.48275488279306, 39.76571535241562], [64.48275453694168, 39.76571105471367], [64.4827545791625, 39.765711051951655], [64.48297266046909, 39.76569829694523], [64.48322085240567, 39.76568377976744], [64.48323812251702, 39.76567467821906], [64.48325029109584, 39.76566826411596], [64.4832648707529, 39.765660578791994], [64.48325867147913, 39.76553635676957], [64.4832495984948, 39.765356617671166], [64.48323712987863, 39.765310081533244], [64.48323134293156, 39.765288481722415], [64.48306661167139, 39.76467363243871], [64.48277242419562, 39.76361972618483], [64.48277241431414, 39.763619690968035], [64.48236196507769, 39.762103763671604], [64.48231357013839, 39.76192502173366], [64.48231355396871, 39.76192496165645], [64.48231323147351, 39.761923771851166], [64.48217173513817, 39.76140116775832], [64.4819565643731, 39.76060644663641], [64.48184364165033, 39.76014912162993], [64.48169344692809, 39.759540841394085], [64.48147848008061, 39.758688883977094], [64.48098045408709, 39.756780383771265], [64.480585978693, 39.75688032582791], [64.48011528663696, 39.756999578081036], [64.48011527046728, 39.756999549076134], [64.4801028000545, 39.75697706477194], [64.48004216467113, 39.7568758929088], [64.47965552887455, 39.75623059938519], [64.47953378379735, 39.7560272954524], [64.47953351520106, 39.75602684725172], [64.47947083525212, 39.755922176779286], [64.47887419759661, 39.75496979551937], [64.47887417513871, 39.754969759607526], [64.47876363744301, 39.75478895631611], [64.47845672712786, 39.75428694760282], [64.47823357483152, 39.75390735589762], [64.47812758440776, 39.7537270601894], [64.47790100144533, 39.75335941396665], [64.47769508063276, 39.75302529114088], [64.47767887682167, 39.75299899946485], [64.47767886963514, 39.752998978745886], [64.47767075335656, 39.75297462359345], [64.47750783669326, 39.75248578868981], [64.47748394240503, 39.75247729384871], [64.47699779573281, 39.75254552673117], [64.47641045923376, 39.75262796247729], [64.4764063233902, 39.75262854399283], [64.4764314914895, 39.752716575856326], [64.47655346653544, 39.75314320333841], [64.47666377965228, 39.75339341913364], [64.47691903953356, 39.75404595140201], [64.47703155082792, 39.75433356439575], [64.47703156250606, 39.75433359823609], [64.4772136384377, 39.75485104320927], [64.47726494930842, 39.75511908783314], [64.47729415802988, 39.755271668505955], [64.4773643757424, 39.75563847648572], [64.4774340939916, 39.7559321048872], [64.47750972315536, 39.75625062677937], [64.47750968722275, 39.756250633685376], [64.4764810964595, 39.756441993761946], [64.47579214433213, 39.756570166518955], [64.47552966379264, 39.7567100011177], [64.47509693813375, 39.75694053242349], [64.47445886478742, 39.75727981982139], [64.4743944394119, 39.75727796904182], [64.47436031960076, 39.75727698840484], [64.47373797036518, 39.75762621789247], [64.47339043643626, 39.757808587577124], [64.47339040858849, 39.75780860207938], [64.47291043873217, 39.75814077221958], [64.47283362558888, 39.75819807382374], [64.4727890763373, 39.75823130729596], [64.47241025768032, 39.75840657623601], [64.47223947896165, 39.75848818594304], [64.47160851039091, 39.7587897078899], [64.47160848703471, 39.75878967888575], [64.47156269631144, 39.758732459261644], [64.47153106663028, 39.75869669369219], [64.47152874089201, 39.75869406398187], [64.47152446580957, 39.758689218906106], [64.47150942621509, 39.758672172054], [64.47148566577579, 39.75864537634141], [64.47147538096414, 39.75863377674061], [64.47144562516864, 39.75858471062175], [64.47138186544473, 39.75847957030054], [64.47125780900232, 39.758263281135044], [64.47125779912086, 39.75826326179885], [64.47124406388014, 39.75823413867322], [64.47122309450647, 39.75818956587554], [64.47119932777899, 39.75813904576769], [64.47114632717724, 39.7580318675497], [64.47114593910503, 39.75803108166759], [64.47114592113871, 39.75803104575729], [64.47112054552858, 39.7579796595429], [64.47107931375535, 39.75789630620133], [64.47105371087144, 39.757844512442006], [64.47105331920599, 39.7578437203425], [64.4710292766957, 39.75779513568853], [64.47101104089546, 39.757772691697966], [64.4709637895115, 39.757714544463774], [64.47093648072688, 39.757680912965085], [64.47088870742174, 39.75762209509447], [64.47088869125209, 39.7576220750675], [64.47083748638256, 39.75755902454159], [64.47080919484101, 39.757525402635125], [64.47080874837832, 39.7575248722644], [64.47075421255573, 39.757460063413596], [64.47071239687757, 39.757410306561006], [64.47065090629806, 39.75733713871602], [64.47065493434377, 39.75732484761538], [64.47066267422828, 39.757301228088835], [64.47066350157667, 39.757256182324014], [64.47066375220662, 39.75724252798481], [64.47066375041, 39.7572424941459], [64.47064434859648, 39.756898130013646], [64.47062198054589, 39.75667707077343], [64.47058505978772, 39.75650676973152], [64.47053062277982, 39.756354355466655], [64.4702596899918, 39.755668241590875], [64.47020444360182, 39.755525010543856], [64.47020443192373, 39.75552498015715], [64.47018479385332, 39.75547407618878], [64.47017961057412, 39.75546064180007], [64.47007921845123, 39.755200423810315], [64.47000331080974, 39.75496699715732], [64.46989564323135, 39.75470757979737], [64.46989505842811, 39.754706170942434], [64.46989429486011, 39.75470433114354], [64.46989356273315, 39.7547025666217], [64.4698933076116, 39.75470195266477], [64.46989236258392, 39.7546996750157], [64.46989203559718, 39.75469888702368], [64.46989183617116, 39.75469840704607], [64.46989115255323, 39.75469675854741], [64.46977549805365, 39.7544180960998], [64.46970677693444, 39.754323274173096], [64.46964982374543, 39.754310497719956], [64.46959412819781, 39.754312224267814], [64.46955514131449, 39.75431367456799], [64.46955513502627, 39.75431365523064], [64.46953451060567, 39.75425397535352], [64.46950492549011, 39.754168368151845], [64.46949290513328, 39.75413346970401], [64.46947159799306, 39.754071612141004], [64.46934718222452, 39.753789285473935], [64.4692004864403, 39.75344866937924], [64.46920047745714, 39.753448647279136], [64.46918733690117, 39.75341671057066], [64.46908675972534, 39.753172278891306], [64.46918395743909, 39.75299299096353], [64.4690217216988, 39.7527875275295], [64.4689867457932, 39.75279139922599], [64.46895371923178, 39.75279505544431], [64.46895369587554, 39.752795028509574], [64.46879112506367, 39.75260899830018], [64.46879110350406, 39.75260897136532], [64.46835636741561, 39.752065820447044], [64.46835638987348, 39.75206577279278], [64.46835725854436, 39.75206391013222], [64.468376603764, 39.75205420385341], [64.46828876380059, 39.75194433301916], [64.46348482878265, 39.754307639247216], [64.46199767142303, 39.75503067022555], [64.46145705001369, 39.755293509028355], [64.45938432763278, 39.75633851796582], [64.45883442033835, 39.75661577280576], [64.45882818782692, 39.7566189157083], [64.45882586747851, 39.75662008488732], [64.45865440244698, 39.75670653502088], [64.45872436324132, 39.75673222308302], [64.45879203961988, 39.75675707206316], [64.45884863797434, 39.756847574428825], [64.45885144610794, 39.75685206743139], [64.45885145958265, 39.756852086767985], [64.45884398290455, 39.7568931232127], [64.45883652598938, 39.75693408643018], [64.458818195866, 39.75703480241722], [64.45875956282742, 39.75734010617605], [64.45869586239228, 39.75767179171308], [64.45834494720465, 39.759793831423906], [64.45789031972083, 39.76254190847522], [64.45767556936731, 39.76388430616293], [64.4574050956184, 39.76557501546034], [64.45900814642945, 39.76508252534564], [64.45936003089928, 39.76495548706132], [64.45971586436312, 39.76482702263184], [64.46061785645169, 39.76454749038087], [64.46063334700042, 39.764583231505675], [64.46078372677565, 39.764894166079486], [64.46118207301028, 39.765717781611436], [64.46183262485421, 39.76715771618881], [64.46186383681876, 39.7671558166499], [64.46221307305515, 39.76713455368699], [64.46314604713956, 39.77228472664644], [64.46344469654731, 39.77393322506448], [64.46354371514614, 39.774479830972076], [64.46359509069558, 39.7747634322407], [64.46359509428883, 39.774763460547696], [64.46360184782314, 39.77480072356408], [64.46369802774565, 39.775331581274294], [64.46383529660928, 39.7760891960061], [64.46388267285903, 39.776350673743465], [64.46426103876513, 39.778965791373714], [64.46432894601071, 39.77943510458062], [64.46501897162489, 39.779367427852996], [64.46514797688619, 39.77935533743969], [64.46501642130778, 39.77867380832134], [64.46494523521139, 39.77813188474141], [64.46494566819936, 39.77810485151664], [64.46543414420312, 39.778088959645586], [64.46559600444762, 39.77810375519237], [64.46574385816022, 39.77811280539014], [64.46604379305717, 39.77808786332107], [64.46610083607773, 39.77810485151664], [64.4661648230754, 39.77814211410479], [64.46618117780348, 39.77816853701912], [64.466311898847, 39.77815036828935], [64.46633016159672, 39.77814783045218], [64.46692236426969, 39.778064637529916], [64.46698541612116, 39.77826237615025], [64.46705088713568, 39.77845916838595], [64.46712363270741, 39.77864589646198], [64.46718588954985, 39.778753296650734], [64.4672283870493, 39.77880578921905], [64.46734332469329, 39.77876441857525], [64.46747135707913, 39.77870403913741], [64.46760957366541, 39.778648132586866], [64.46836828087288, 39.778322896812725], [64.46844929633511, 39.778285804845964], [64.46918233418337, 39.77797613201926], [64.4694456735123, 39.77785313624721], [64.46954315239869, 39.77785201782666], [64.46969155318533, 39.77779834742683], [64.46980212681365, 39.77777262994273], [64.46988942149969, 39.7777457940267], [64.46996798725614, 39.777731257987476], [64.4703811817441, 39.777571363424336], [64.47056304567339, 39.77749756527728], [64.4708846721895, 39.77735679599334], [64.47103007978959, 39.777296798486276], [64.47113079261104, 39.77725466267468], [64.47123026575738, 39.77720598401599], [64.47127024078752, 39.77718642182567], [64.471318510861, 39.77717542943942], [64.47137929626302, 39.77716535388931], [64.47142458662469, 39.77716077384224], [64.47145974668491, 39.77716398001329], [64.47147540701528, 39.77716823626725], [64.47150861323975, 39.77717726173404], [64.47170369767505, 39.77727728879129], [64.47182009058977, 39.77733878721938], [64.47194812297565, 39.77738127714838], [64.47214890093322, 39.777422649313976], [64.4725242682629, 39.777479674596286], [64.47261738223537, 39.77748414761217], [64.47288072156427, 39.77746513850085], [64.47323572049321, 39.77742824007067], [64.47328809676583, 39.777426003215744], [64.47331137570812, 39.777507628351856], [64.47333901866604, 39.77770442274571], [64.47342340370886, 39.778103600547134], [64.47347432560908, 39.77817739735396], [64.4735659852091, 39.77825343090969], [64.47358926415137, 39.778291448001276], [64.47363000185119, 39.77847929494274], [64.47368528776703, 39.77880578921905], [64.47369844089943, 39.77894470534205], [64.4735801848788, 39.77895615516226], [64.47372774663894, 39.779759242252545], [64.4731725428776, 39.779816260075826], [64.47283068989452, 39.77985229012976], [64.47252009289346, 39.779898828864006], [64.47212940299998, 39.78002042852134], [64.47175238636346, 39.78016154444058], [64.47149910187753, 39.780240954421735], [64.47141052619388, 39.780268724800955], [64.4713590706944, 39.780284926830056], [64.47113937331865, 39.78035410211287], [64.47114241321755, 39.780375128342], [64.4712030252447, 39.780794354400506], [64.47136514061076, 39.781861560902435], [64.47133512789713, 39.78201312757589], [64.47141806934731, 39.78253979385227], [64.47074679336981, 39.78260471992524], [64.47058502295681, 39.78262621420425], [64.47031643836496, 39.78266190107127], [64.47015276082858, 39.78269858752406], [64.46981176573664, 39.782831358037605], [64.46832130347511, 39.78337890874885], [64.46623756415555, 39.7841231227612], [64.46619793138355, 39.78411633691386], [64.46519979620335, 39.78395561223208], [64.46503119679758, 39.783927173728216], [64.46497970626378, 39.784180730643556], [64.46495894799422, 39.78418232873334], [64.46457264906586, 39.78414635686241], [64.46456240647498, 39.78424159816387], [64.46446612414451, 39.7853821247177], [64.46442003158728, 39.78581345718385], [64.46439749734839, 39.78629437454662], [64.46437496310946, 39.786774501613245], [64.46438471252527, 39.78692909682059], [64.46439954550723, 39.78696733829609], [64.46447431857653, 39.787120820322585], [64.46457264906586, 39.78724360555914], [64.46463205735053, 39.787313656034755], [64.46471195171524, 39.787439589325714], [64.46485022938695, 39.78751436253956], [64.46543919183667, 39.78781660089269], [64.46680365459981, 39.78852036782311], [64.46726095996152, 39.78875731915729], [64.46802621139585, 39.78915191502847], [64.46862784009109, 39.78946301197198], [64.46942778805497, 39.78988529298425], [64.46953328350698, 39.789939986588685], [64.4701818940916, 39.79031184410185], [64.47072536675364, 39.79061056435979], [64.47076136045044, 39.79063034844732], [64.47086276497465, 39.79051307818876], [64.4709662167594, 39.79038636363056], [64.47124789429654, 39.79001802409035], [64.47163404859612, 39.78951430773247], [64.47189870934682, 39.78916435782882], [64.47209087874903, 39.78889882511002], [64.47228662434439, 39.78865500326945], [64.47237255628616, 39.78851394894604], [64.47241250346853, 39.78843996442443], [64.47241147849077, 39.788365192216574], [64.47241045441135, 39.788342367494195], [64.47265116068667, 39.788342367494195], [64.4729625428153, 39.78834079297048], [64.47350746086664, 39.7883455158512], [64.47360988857199, 39.78833921913701], [64.47368875885728, 39.78834630276787], [64.47377991989234, 39.788362043860424], [64.47391102721141, 39.788387230705474], [64.47397658176926, 39.78839588816365], [64.47405106647936, 39.78840698229912], [64.47406643216232, 39.788405237968696], [64.47440268325126, 39.78834945112472], [64.474723282993, 39.78830773624755], [64.47519445295276, 39.78824477042547], [64.47533477968163, 39.78823296389598], [64.47540536839836, 39.78823164546325], [64.47562799428196, 39.78822748515203], [64.47567176828741, 39.78822666786173], [64.47575678394759, 39.78844311277701], [64.47580287650483, 39.78863200952585], [64.47591260212351, 39.78897187451053], [64.47594941238893, 39.78927194246898], [64.47603103511226, 39.78975647541693], [64.47612066002817, 39.79014508376665], [64.47598782345214, 39.79016353026507], [64.47601342992931, 39.79043653772547], [64.47601503072717, 39.790561973838], [64.47602303291971, 39.79067634149353], [64.47604543869951, 39.79071077482539], [64.47613026212025, 39.79071692360818], [64.47631591334671, 39.79070339600922], [64.47660100358362, 39.79068157431186], [64.4767336281572, 39.790671422050266], [64.4769448867592, 39.790675111460196], [64.47712893718789, 39.790697247225225], [64.47756585797916, 39.79072553176515], [64.4779179544514, 39.790732910578946], [64.47798517268913, 39.790745208140024], [64.47800676190039, 39.790757534689575], [64.4780215436784, 39.79076657701085], [64.47803560590582, 39.79080941689007], [64.47803822808815, 39.79083107633743], [64.47804038943472, 39.790859010864274], [64.47800020689375, 39.79105220400208], [64.47785144049281, 39.792142247433105], [64.47781149331044, 39.792572750648596], [64.47775618224176, 39.79295052163913], [64.47775208502573, 39.79302843631564], [64.47775208502573, 39.79307093519293], [64.47769574897933, 39.79315514600707], [64.4773270076232, 39.79353920934766], [64.47671243869631, 39.79418298326651], [64.47661713283455, 39.79427465743041], [64.4765557231034, 39.79423728624125], [64.476548194323, 39.79424356723082], [64.476484024069, 39.79429709849394], [64.47637749824936, 39.79439468697612], [64.47612142808772, 39.79459065037045], [64.4759960610033, 39.79469038017058], [64.4759830417199, 39.794701073657045], [64.47574858951558, 39.7948936451666], [64.47552734434257, 39.795079376154106], [64.47527537139695, 39.795273763922836], [64.47520059832765, 39.79533357527421], [64.47507153916739, 39.795433523482856], [64.47491277811058, 39.7955618017218], [64.47481805256052, 39.79560443707478], [64.4748201662964, 39.795609746131035], [64.47482575741073, 39.79562378627746], [64.47483005135778, 39.795634569345395], [64.47484579433312, 39.795680347152995], [64.47485866539452, 39.795719373357], [64.4748635315684, 39.79573412715162], [64.47488271149804, 39.7957922829957], [64.47492817882782, 39.79592652735959], [64.47496089367387, 39.79600787172439], [64.4750681606036, 39.79627416382803], [64.47509114849173, 39.79634931740085], [64.47540291869257, 39.79736967223225], [64.47541101071666, 39.797387190562254], [64.47566489707383, 39.79768890862171], [64.47569710347338, 39.79772718138581], [64.4764591739733, 39.79838641127228], [64.47669982185813, 39.79853531197308], [64.47669985150253, 39.79853532439624], [64.47694332908051, 39.79860610324087], [64.47716159544002, 39.798697112393235], [64.47737712822615, 39.79880803705415], [64.47758252082934, 39.798946824451455], [64.47795174727574, 39.79912997085136], [64.47797667282994, 39.79914233454781], [64.47797714085219, 39.79914256575458], [64.47823867366908, 39.79924118468487], [64.47840287941479, 39.799296924046416], [64.47858021134347, 39.79937930381651], [64.47858174656427, 39.79938001744924], [64.47894341458587, 39.79959868963093], [64.47894425720561, 39.79959919483157], [64.47919469313379, 39.799674519382535], [64.47921206565306, 39.799680951021436], [64.47939013420026, 39.799746874768225], [64.4794034382496, 39.79976201971157], [64.47947580383396, 39.799844395473706], [64.47949558563484, 39.79986691477876], [64.47950365609934, 39.79996225095381], [64.4795106539754, 39.80004492945648], [64.47957522308138, 39.80013568893753], [64.47964987757308, 39.8001839131234], [64.47970050931744, 39.80021662044013], [64.4801702725155, 39.80041297581922], [64.48030360496152, 39.80046870732943], [64.4804426336248, 39.80051730051506], [64.48047676062244, 39.800529228473934], [64.48080988737084, 39.800646316709106], [64.48094939663277, 39.80069559371171], [64.48096718058044, 39.800701874801604], [64.48096814716769, 39.80070219020187], [64.48099764694331, 39.8007118102548], [64.48101669122734, 39.80071802094754], [64.48110031988872, 39.800743806462506], [64.48174857563878, 39.8009436856295], [64.4819564628635, 39.801022442206936], [64.48247177693467, 39.80121713754817], [64.48248387095333, 39.80122365393106], [64.48254030850937, 39.801254065320265], [64.48329155969999, 39.80165907210443], [64.48329781197437, 39.8016624420784], [64.4833793511544, 39.801708336648865], [64.48377681973501, 39.80193205533282], [64.48411792082818, 39.80214755994186], [64.48457118736437, 39.802434958181806], [64.4849948777681, 39.802666343962095], [64.48509684373938, 39.802722031547916], [64.48552123303244, 39.802954735202945], [64.48558483914442, 39.80300003953927], [64.48560253415891, 39.803012642705376], [64.48571329104354, 39.803029662703985], [64.4857136647427, 39.80302972067494], [64.48583345867911, 39.80309264052709], [64.48584110963039, 39.80311378403035], [64.48586397355096, 39.80317697019534], [64.48585723169475, 39.80351554593287], [64.48620472160626, 39.8036306850027], [64.48686122119567, 39.803849295359115], [64.48690642442075, 39.80386434830285], [64.48701070085892, 39.80389463568249], [64.48751068158649, 39.80403985646741], [64.48774439896893, 39.80412820422942], [64.48781613842749, 39.80415532177579], [64.48781685977467, 39.804155751719975], [64.48795601420208, 39.80423834581714], [64.48827384533612, 39.80436535300024], [64.48843742046455, 39.804404115482065], [64.4885768794208, 39.80438395855258], [64.48871092243427, 39.80435569826248], [64.48884291010229, 39.804352955046895], [64.48884478219139, 39.80435291571022], [64.48889295255184, 39.80435743942797], [64.48902908774157, 39.80437022522622], [64.48923537866006, 39.804372370799875], [64.48924382911193, 39.804372462585434], [64.48943045501052, 39.80437447427628], [64.4898424385695, 39.80439323234195], [64.48984375460141, 39.80439341315251], [64.48984402858756, 39.80439342626474], [64.49004021345908, 39.80442045882212], [64.49011099531359, 39.80442016621278], [64.4901126715699, 39.804419077899084]]]}, "properties": {"name": "Shirbudin MFY", "code": "shirbudin-mfy", "mahalla_code": "1706401065", "source": "ngis_mahalla"}}, {"type": "Feature", "geometry": {"type": "Polygon", "coordinates": [[[64.41877412839645, 39.80854402672939], [64.41886549694233, 39.80847469416144], [64.4190593093632, 39.80836479467633], [64.41910184908349, 39.80834067303493], [64.41917571665098, 39.80829571794637], [64.41917707220874, 39.80829613475323], [64.41921163668592, 39.80827567395042], [64.42182961218977, 39.80672602957688], [64.42581939777752, 39.80436431023345], [64.42674893400932, 39.80381408876615], [64.42767847024116, 39.803263862205725], [64.42771346590969, 39.803243145938055], [64.42771531104927, 39.80324206105638], [64.43497041340596, 39.79897730655484], [64.4353489526869, 39.79875478330075], [64.4356217593606, 39.798594418580194], [64.43577367435661, 39.79850511816734], [64.43575952768752, 39.79846484501524], [64.43432085060715, 39.79436894187411], [64.43409991804788, 39.79378717661323], [64.43409416433848, 39.793772026903], [64.43406537063868, 39.793696205828184], [64.4339419690681, 39.793631649828754], [64.43373696992701, 39.7935243591408], [64.43208806730723, 39.7925359072554], [64.43077191594006, 39.79176431117686], [64.43045996068628, 39.79159309744958], [64.43035894692923, 39.79157026896642], [64.43029952696646, 39.791556572425065], [64.42928363119479, 39.79172856552858], [64.42842528734755, 39.79185035135308], [64.42840747375547, 39.79185339601319], [64.4283167807427, 39.791868894718455], [64.42694798720156, 39.792128798801755], [64.42591110947981, 39.79223609166651], [64.42502278166502, 39.79233881844158], [64.42474647874825, 39.79235251551742], [64.423727427195, 39.792208697465774], [64.42261330334196, 39.79206487911343], [64.42154968636748, 39.791925626410496], [64.42071780778683, 39.79180463587929], [64.42038208490725, 39.79176811096715], [64.41996317443913, 39.79177039360213], [64.41933454777634, 39.79185865704195], [64.41941590729334, 39.79203345936047], [64.419548577681, 39.7923185033622], [64.41982742732161, 39.79291761208], [64.42018166447916, 39.79335248441492], [64.42020337406466, 39.79337913616586], [64.42062527412604, 39.79389706971873], [64.420277016155, 39.79408176599633], [64.41920746311311, 39.794675764194885], [64.41872974712985, 39.795330801329555], [64.41833160930435, 39.795336519699994], [64.41573610785227, 39.795373801255145], [64.41244958096114, 39.79542100658395], [64.41073171557531, 39.79544568147208], [64.41060359335792, 39.79544752225289], [64.40899604288563, 39.79547061172764], [64.40789886215717, 39.79548637120602], [64.40722788531863, 39.79549600924369], [64.40680807833184, 39.79550203957353], [64.40680339002438, 39.79550210583329], [64.40676388840637, 39.795530709343204], [64.40672438678841, 39.79555931284117], [64.40668879823181, 39.79558508303524], [64.40656887942957, 39.795671916308436], [64.40653509019849, 39.79570112436636], [64.40652123817678, 39.79571309802382], [64.40639029974098, 39.79582628239001], [64.4064634046388, 39.795878123496564], [64.40651631361241, 39.79591564770914], [64.40656071733692, 39.79594714023063], [64.40661378261736, 39.79598475896312], [64.40663604107347, 39.796000568018115], [64.40663614527804, 39.79600064186964], [64.40665645259335, 39.796015058785926], [64.4066684271361, 39.7960235310005], [64.40670523111328, 39.79604956881841], [64.40711980361692, 39.79634359428321], [64.40712249856274, 39.79634552614606], [64.40714720313139, 39.79636305716049], [64.40714722648758, 39.796363073725246], [64.4071890637253, 39.796392735639344], [64.40731437870745, 39.79648156394009], [64.40734447226946, 39.79650454746775], [64.4075936649293, 39.79669504127534], [64.40766445217368, 39.79674915246357], [64.40774134796199, 39.79680795761112], [64.40774138479291, 39.79680798521885], [64.40824718929849, 39.79719460256783], [64.40835301173726, 39.7972754926694], [64.40842519765856, 39.797330678713315], [64.40842523538781, 39.79733070770117], [64.40889622298957, 39.797690708621595], [64.40896305674838, 39.79774178152897], [64.40909176466735, 39.79784018575072], [64.4090917862269, 39.79784020162493], [64.40938921751918, 39.79816603601463], [64.40945587251323, 39.798239056939146], [64.4095464226939, 39.7983383045364], [64.40968054116581, 39.79848524317099], [64.40975306395532, 39.79856473483989], [64.4098734094573, 39.79869664376514], [64.40997788352487, 39.79881107450455], [64.41000151460672, 39.79883694700608], [64.41002459591964, 39.79886221628735], [64.41003510620845, 39.79887374285311], [64.41011218255814, 39.798958219180356], [64.41023435253847, 39.799092043952875], [64.41023438038623, 39.79909207432036], [64.41041931565546, 39.799297921338976], [64.41041933362176, 39.79929794135388], [64.41056744784584, 39.79946273254054], [64.41061829159258, 39.79951940137567], [64.41064218767748, 39.7995460355533], [64.41065916583635, 39.799564946082334], [64.41066340857944, 39.7995696178104], [64.4106672506739, 39.799573849212805], [64.41068461241339, 39.79959321938399], [64.4106944705253, 39.79960421647087], [64.4107017459808, 39.79961229139861], [64.41070282395916, 39.79961346467864], [64.41070600399524, 39.799617029379256], [64.41070830368237, 39.79961960714431], [64.41091347889326, 39.799847982247556], [64.41107562480205, 39.80002845946719], [64.41140270139701, 39.80039251819163], [64.4114523773339, 39.800447773510555], [64.41145334571777, 39.80044885015445], [64.41145397633511, 39.80044955135327], [64.41145471834353, 39.800450376780205], [64.41145534446927, 39.80045107314793], [64.41150340254036, 39.80050453056407], [64.41162880825235, 39.800644148934246], [64.4116828859341, 39.80070433036871], [64.41180568563345, 39.80084098067805], [64.41187976340673, 39.80092345176893], [64.41202451523667, 39.80108460404072], [64.41213437919592, 39.80120689850249], [64.41215656758342, 39.801231536807364], [64.41249774772834, 39.80161125544824], [64.41253188370914, 39.801649213394114], [64.41303548015574, 39.802209746983856], [64.41306296770512, 39.80224038844312], [64.41332468198166, 39.80253159929342], [64.4133273643511, 39.8025345834389], [64.41346388581641, 39.80268649242336], [64.41348140296445, 39.80270595419574], [64.4135564715795, 39.80278956452967], [64.41359584833165, 39.802833421767176], [64.41364525477395, 39.802888373537186], [64.41364540209769, 39.80288853778857], [64.41370418515491, 39.802953918777725], [64.41379752011294, 39.8030584045598], [64.41390639592538, 39.80318028212404], [64.41390641748495, 39.80318030558846], [64.41394134038991, 39.80321948074506], [64.41400229287856, 39.80328764056443], [64.41400249589785, 39.80328786830662], [64.4140273091626, 39.803315615580686], [64.41403609558441, 39.80332547681258], [64.41403618451763, 39.80332557619097], [64.41403627614577, 39.803325679019956], [64.41404797041415, 39.80333880386262], [64.41406647570898, 39.803359507679176], [64.41441466361147, 39.80374922135638], [64.41441469595078, 39.80374925793291], [64.41451293840522, 39.80385922690694], [64.41463388398181, 39.803994582491384], [64.41484019466321, 39.80422547441961], [64.41494008732279, 39.80433727282314], [64.4151319674675, 39.80455203699176], [64.41520591588338, 39.80463484868901], [64.41528171662536, 39.80471973476762], [64.41539409676571, 39.80484547401557], [64.4155436006835, 39.80501279634565], [64.41560528619743, 39.80508183289717], [64.4156979060965, 39.805185491455816], [64.41583757076697, 39.805341842324935], [64.41583759502149, 39.805341869239115], [64.41587424538676, 39.80538293060628], [64.41612143929507, 39.8056595462509], [64.41620156991671, 39.80574921416935], [64.41620159147631, 39.80574923901303], [64.4163283437629, 39.805891123379844], [64.41665811530368, 39.806260257790846], [64.41683544274078, 39.80645872968909], [64.41684370634307, 39.80646791417627], [64.41684386624318, 39.806468092221], [64.41684388690446, 39.80646811568425], [64.41702148383612, 39.80666693133934], [64.41715793792775, 39.80681964895375], [64.41718938614925, 39.80685479604], [64.41723555236831, 39.80690639351182], [64.41723739481296, 39.806908468616975], [64.41723824731417, 39.8069094299144], [64.41725055423358, 39.80692281768786], [64.41748886380371, 39.807182126614364], [64.4175892020277, 39.80729130753853], [64.41758921909569, 39.807291326170905], [64.41766692336773, 39.80737593017473], [64.41776654653275, 39.807484342725736], [64.41781352482886, 39.80753543803308], [64.41790048534162, 39.80763001966541], [64.41795956214796, 39.80769436102057], [64.41799768305536, 39.80773587850796], [64.41802104015106, 39.80776127425469], [64.41817159689435, 39.8079251680659], [64.41821329040165, 39.80797047740822], [64.41821346197989, 39.80797066373007], [64.41824265363333, 39.808002388118716], [64.4182507384709, 39.808011221838775], [64.41825076272539, 39.80801124806185], [64.41835799821413, 39.808127982657346], [64.41851717968248, 39.80838207005864], [64.41853009476132, 39.80848320486536], [64.41853155272703, 39.80849462078653], [64.41850931493215, 39.808513624084995], [64.41850921701581, 39.80851370758414], [64.41850923677875, 39.80851372069554], [64.41851051508138, 39.808514454935775], [64.41868275985061, 39.80861335853733], [64.41877412839645, 39.80854402672939]]]}, "properties": {"name": "Yangiobod MFY", "code": "yangiobod-mfy", "mahalla_code": "1706401031", "source": "ngis_mahalla"}}, {"type": "Feature", "geometry": {"type": "Polygon", "coordinates": [[[64.41605453726429, 39.844411395318055], [64.41612201062358, 39.84435599394542], [64.41615029767358, 39.844332767773096], [64.41670698365513, 39.84406350223519], [64.41680701824855, 39.84407432667499], [64.41680705687612, 39.84407433081332], [64.41682620177143, 39.84407783182332], [64.41685646331842, 39.84408336612244], [64.41742374942034, 39.84381044546493], [64.41772028329564, 39.84366318850509], [64.41772032641475, 39.84366316781342], [64.41810009099777, 39.84347820470078], [64.41813934737566, 39.84347337663059], [64.41817581897621, 39.843474273272236], [64.41818826962604, 39.84347772120404], [64.41819225904423, 39.843478825452614], [64.41821462709478, 39.843489654812686], [64.41827005224951, 39.843535313847916], [64.4182972173037, 39.843556127637235], [64.41831317138315, 39.84356835160578], [64.41846831043271, 39.84358821563623], [64.41866890603231, 39.84357642136887], [64.41904437217664, 39.843427314065224], [64.41904440002442, 39.84342730302959], [64.4195033502014, 39.84308664779692], [64.41950337355759, 39.84308663469207], [64.41950623289516, 39.84308514556886], [64.41984354130118, 39.84290952467205], [64.41997882758295, 39.84287158951166], [64.42004953128404, 39.842874547075475], [64.42005050685445, 39.842874587769586], [64.42005072783999, 39.84287459673608], [64.42005130186344, 39.84287462087664], [64.42005184624253, 39.842874643637714], [64.42008599659637, 39.842876072758976], [64.42052850670531, 39.842922146729904], [64.42089164437071, 39.842913769960084], [64.42111456759669, 39.842908628023075], [64.42164187866845, 39.84291497353881], [64.42178659815903, 39.84282006732274], [64.42178661612533, 39.84282005145892], [64.42185415595998, 39.842765957222824], [64.42192197337405, 39.842711640850396], [64.42219856465002, 39.84239353572157], [64.42237224852033, 39.84220185804707], [64.42262930682875, 39.841918168589025], [64.4227600117026, 39.84178425061769], [64.42290706591461, 39.84163358129327], [64.42317781814126, 39.84143941841628], [64.4232799961149, 39.84137997066872], [64.42328169572745, 39.84137898157387], [64.42328401877077, 39.841377629672905], [64.4232891804904, 39.84137462652147], [64.42328999077077, 39.84137415542534], [64.42346222565851, 39.841273949137445], [64.42348567707734, 39.84122636351495], [64.42350318793716, 39.84119083395289], [64.42351945103704, 39.841165248463184], [64.42354361212493, 39.84112723922586], [64.42359876868339, 39.84102839828051], [64.42362998963108, 39.840843152859954], [64.42363604876766, 39.8408071961437], [64.42363864849209, 39.840798319735974], [64.42363865388198, 39.84079829766397], [64.42390938365075, 39.840798968102135], [64.42411224569979, 39.84079947024102], [64.42463865755796, 39.84079513377511], [64.42477367614181, 39.8407940218961], [64.42487132840309, 39.84076445984101], [64.42488030616602, 39.84076174221987], [64.4249065944645, 39.840756023489355], [64.42490662680383, 39.840756016591826], [64.42493959407645, 39.84074884248474], [64.42498788481117, 39.840723548595435], [64.42498792343876, 39.8407235285926], [64.42504550544847, 39.840694627979566], [64.42504554946589, 39.84069462108203], [64.42512204191068, 39.84068103985897], [64.42519974618273, 39.84068103985897], [64.42523998531759, 39.84068292702145], [64.42525858583384, 39.84068379886844], [64.42532092891459, 39.84070187037775], [64.4253692546836, 39.840706949712576], [64.42537023654221, 39.8407070531754], [64.42540479203625, 39.840710684720236], [64.42540686804284, 39.840710902681884], [64.42540689768724, 39.84071090613065], [64.42542208011389, 39.84065710613683], [64.42542208640207, 39.840657073718475], [64.42546684316449, 39.840440444149735], [64.4255350881766, 39.8401101294383], [64.42585331097614, 39.83878340550981], [64.42585389218613, 39.838780980963115], [64.42585389937264, 39.83878095268252], [64.42595983589747, 39.838768293305556], [64.42605188806124, 39.83875729351708], [64.42605190962081, 39.83875727213416], [64.42615744010712, 39.83865286200142], [64.42624655388163, 39.83825575867842], [64.42624655927155, 39.83825573384645], [64.42653679865163, 39.836887779816756], [64.42672355839917, 39.83608906746181], [64.42676365380359, 39.8359058408691], [64.42683557831513, 39.83557716539374], [64.42684707854737, 39.83501235184566], [64.42685659619782, 39.834848962726205], [64.42687869834707, 39.834469540127174], [64.42686720440301, 39.83436650448703], [64.42672785324456, 39.8331172649854], [64.42672068379026, 39.833052990198674], [64.4265684193496, 39.832042382593485], [64.4264744609608, 39.831660974299304], [64.4264736605619, 39.831657724449], [64.42647320960761, 39.83165589291578], [64.4264731916413, 39.8316558184127], [64.42643906194871, 39.831517275028034], [64.4264017513217, 39.831272463293814], [64.42633279125059, 39.83081997674905], [64.42626818261874, 39.830589729482774], [64.42626817004232, 39.83058968395243], [64.42617181315168, 39.83024629391044], [64.42617181045672, 39.83024627252486], [64.42613940013962, 39.83001280031199], [64.42611728541395, 39.8298534881069], [64.42608853932485, 39.829723311188566], [64.42605509325018, 39.829572557454675], [64.42597643047569, 39.82921798509575], [64.42595872108818, 39.82921236750438], [64.42588704720663, 39.82918963153522], [64.4256833991317, 39.82906104005786], [64.42560165244086, 39.829016130255546], [64.42558535340834, 39.82900718885585], [64.42554757386074, 39.828986465169166], [64.42550288447201, 39.82896186302666], [64.42550283775962, 39.82896183750145], [64.42549798685705, 39.82895921530524], [64.42497933105305, 39.8286741776316], [64.42497930051032, 39.82867416038479], [64.42496948821248, 39.8286687593691], [64.42493806694048, 39.828651463560284], [64.42480799088733, 39.82858923696949], [64.42463883901765, 39.82850831541215], [64.42410739479723, 39.82825402646045], [64.42406260389886, 39.828232588523406], [64.42406256886456, 39.82823257196632], [64.42395746238309, 39.828182288853434], [64.42363730640906, 39.82802912612821], [64.4229453745699, 39.82769800320122], [64.42294533414571, 39.827697983884526], [64.42242961134107, 39.82746528534082], [64.42228490532524, 39.827399963538014], [64.42212059088335, 39.82732579042973], [64.42201803471896, 39.8272795355932], [64.42201045922614, 39.82727611927285], [64.4212711439507, 39.826942488414595], [64.42120690183148, 39.82691348541768], [64.4211469069469, 39.826886400305355], [64.42092313660963, 39.82678540019984], [64.42047972908371, 39.82658533124647], [64.42047968955784, 39.82658531399914], [64.42033914274174, 39.8265218616639], [64.4203449117225, 39.82650475848515], [64.4212917153707, 39.823697926427364], [64.42136250261508, 39.823545591273216], [64.4213097715079, 39.823035321240496], [64.4213063677913, 39.8227284122747], [64.42130330363786, 39.82245212128015], [64.42272380959663, 39.821390647392754], [64.42467908264406, 39.82003116413545], [64.42467912216993, 39.82003113584708], [64.42539620773539, 39.819527974642504], [64.42618834215291, 39.8189666859782], [64.42664551725886, 39.81864028709468], [64.42713929871267, 39.81828775170728], [64.42799844745042, 39.81770382147072], [64.42807435509191, 39.81774149453894], [64.42882595932048, 39.81800857392091], [64.42929220291923, 39.81817425173411], [64.42960481484148, 39.81829292653654], [64.42974988736997, 39.81832207047766], [64.42978516241456, 39.81832915723019], [64.42987889083466, 39.81834798669573], [64.43129670184759, 39.81865447364293], [64.43223514577375, 39.818846035570495], [64.43229347967336, 39.8188579431003], [64.43236194477275, 39.818871918472325], [64.43240241567291, 39.81888017949932], [64.43243029848102, 39.81888587107245], [64.43244008921933, 39.81888786991916], [64.4324662194143, 39.8188932040866], [64.43246625894017, 39.81889319994676], [64.43269070840378, 39.81886612547222], [64.43273152066378, 39.81886120252572], [64.43297871816536, 39.81883137781104], [64.43299640509497, 39.81882924441822], [64.43300289093133, 39.818828466129986], [64.43300826465335, 39.818827821006344], [64.43300309035735, 39.81881419613107], [64.43300068377069, 39.818807860118106], [64.43294820059853, 39.818669658579786], [64.43294818981873, 39.81866963029086], [64.431964416005, 39.81594707645725], [64.4319475070164, 39.81590028058972], [64.43192834864634, 39.815796516056416], [64.43181260701022, 39.81530847019685], [64.43175746572311, 39.815014906018845], [64.43156224474389, 39.81381364931618], [64.43127308424043, 39.81224747364561], [64.43098176867863, 39.81132349150613], [64.43083910183849, 39.810931320706395], [64.43085615994742, 39.810925088854525], [64.4305605180992, 39.81023584572432], [64.43055522163229, 39.81022350127395], [64.43021444123768, 39.80938924135873], [64.42960112725723, 39.8078877704805], [64.4288516924601, 39.80604380959273], [64.42771346590969, 39.803243145938055], [64.42767847024116, 39.803263862205725], [64.42674893400932, 39.80381408876615], [64.42581939777752, 39.80436431023345], [64.42182961218977, 39.80672602957688], [64.41921163668592, 39.80827567395042], [64.41917707220874, 39.80829613475323], [64.41917571665098, 39.80829571794637], [64.41910184908349, 39.80834067303493], [64.4190593093632, 39.80836479467633], [64.41886549694233, 39.80847469416144], [64.41877412839645, 39.80854402672939], [64.41868275985061, 39.80861335853733], [64.41851051508138, 39.808514454935775], [64.41850923677875, 39.80851372069554], [64.41850921701581, 39.80851370758414], [64.41827580326395, 39.80871316806291], [64.41683912583343, 39.809633581083546], [64.4154690162604, 39.81043477400367], [64.41485366939249, 39.810794604193774], [64.41292561529815, 39.811953399564516], [64.41151950663847, 39.812777403459435], [64.41079052198876, 39.81320459647238], [64.41075620814152, 39.8132247045839], [64.41075618478534, 39.81322471976451], [64.41071545606867, 39.813249246808596], [64.40910690487317, 39.814217921771025], [64.40910687702538, 39.81421793833143], [64.40827748947302, 39.81469929880609], [64.406802428827, 39.81555538743959], [64.40456409753189, 39.81688404832272], [64.40288891829177, 39.81790370929085], [64.39970522873773, 39.81982153610261], [64.39970519909332, 39.81982155404161], [64.39749848759786, 39.82110818287589], [64.39519116479062, 39.82247640769359], [64.392619495643, 39.82398588379107], [64.39261946779523, 39.82398589965919], [64.3901857520275, 39.82544458213456], [64.3890110745378, 39.826141588646884], [64.38863124617441, 39.82636696359761], [64.38863121832662, 39.826366980155136], [64.38736980400469, 39.82713048328068], [64.38744669889469, 39.82732503155456], [64.38754978865838, 39.827518338175246], [64.38755032674923, 39.82751934678645], [64.38765456905145, 39.82771481633225], [64.38790834311922, 39.828121569912156], [64.38828347958184, 39.82865394710376], [64.3887171736246, 39.82932682609655], [64.38871718620102, 39.829326846792526], [64.38872185923712, 39.82933540113558], [64.38894320232652, 39.82973807424311], [64.38907974624969, 39.83004078583784], [64.38913553342547, 39.830129976992176], [64.38914774961499, 39.830149506879344], [64.38914777566615, 39.830149529644686], [64.3892764772969, 39.83025546901036], [64.38937018595408, 39.8302850273108], [64.38944203680376, 39.83030769117236], [64.38963861244244, 39.83035994019903], [64.38987780954811, 39.83042351799236], [64.39047663010975, 39.830619856768486], [64.39047909059533, 39.830620663897], [64.39088562946537, 39.83075395793616], [64.39172824560859, 39.8310522858924], [64.3922298684565, 39.83122988524142], [64.39259858196488, 39.83134426182956], [64.39296729547323, 39.831458638917105], [64.39305751507385, 39.83149566771769], [64.39329437206818, 39.83159288193482], [64.39350421851857, 39.83167897436976], [64.39443110022873, 39.831958567086055], [64.39551976852152, 39.832304520969004], [64.39607879102118, 39.8324867079304], [64.39634729656127, 39.83268303322131], [64.3964741386794, 39.83272959760348], [64.39647417461202, 39.832729617608635], [64.39675917411905, 39.83289626018187], [64.39697005542861, 39.83303795468421], [64.39759775143676, 39.83345971148143], [64.39770734230815, 39.833543832128875], [64.3978147844094, 39.83362630399577], [64.39802710302344, 39.83370648969214], [64.39814392712951, 39.83375061003106], [64.39819857344487, 39.83377617758856], [64.3982947542657, 39.83382117878447], [64.39899414212174, 39.834258859336074], [64.39925837707096, 39.83442421790218], [64.39957992812862, 39.834625451194896], [64.40079943694089, 39.8353886417984], [64.40212346383817, 39.836206263438044], [64.40331876215521, 39.83693489249059], [64.40428427142258, 39.83753079949485], [64.4052809522303, 39.83816622559876], [64.40632362678058, 39.838817165675046], [64.40708021845559, 39.83928263819332], [64.40725778574284, 39.8393918805544], [64.4072578225738, 39.83939190400641], [64.4080553091538, 39.83989126883887], [64.40850692728141, 39.840154937490524], [64.40864496330627, 39.840235528039344], [64.40864499564563, 39.84023554804227], [64.40904983400482, 39.84048770199383], [64.40915341065543, 39.84053467493704], [64.40939352943253, 39.84067476311198], [64.41004669447564, 39.841074197591794], [64.41035938814456, 39.84127711507352], [64.41070111716009, 39.84149887438935], [64.41105086184294, 39.84171435150888], [64.41122483497075, 39.84182153595314], [64.4118297613814, 39.84219109883714], [64.41254652624826, 39.842668256694765], [64.41312207685081, 39.84300801804519], [64.41371990567238, 39.843367641808726], [64.41393584090375, 39.84350437766325], [64.41428368834471, 39.843724642745876], [64.41429662408478, 39.843791477446494], [64.41434719923528, 39.843853827519474], [64.41434722438812, 39.84385383855498], [64.41443316800796, 39.8438917621372], [64.41449829227281, 39.84390494613624], [64.41454491842933, 39.843914384953784], [64.41471443142174, 39.84401467084433], [64.41514400579062, 39.84421799898442], [64.41550647510944, 39.844367115606474], [64.4157556408198, 39.84445227263959], [64.41575742397562, 39.8444528823472], [64.41575752548526, 39.84445291683294], [64.41596901764925, 39.84452519818419], [64.41605453726429, 39.844411395318055]]]}, "properties": {"name": "Sheyxon MFY", "code": "sheyxon-mfy", "mahalla_code": "1706401063", "source": "ngis_mahalla"}}, {"type": "Feature", "geometry": {"type": "Polygon", "coordinates": [[[64.43085995712613, 39.81092370185167], [64.43086983230604, 39.810920094263956], [64.43132586295833, 39.810753494994785], [64.43137717832063, 39.810684314396745], [64.43144135126958, 39.81051634341635], [64.43159033685946, 39.80991369548873], [64.43185031469258, 39.80908815981482], [64.43189532028829, 39.809039275955996], [64.43199989856042, 39.80895894001764], [64.4321068546731, 39.80888225584485], [64.43217748920388, 39.80881760575891], [64.43221856467026, 39.808780009918], [64.43236117222162, 39.80870149961118], [64.43253943210995, 39.80861020834771], [64.43304997433033, 39.808394018735704], [64.43307731455599, 39.80838382009315], [64.43325985222172, 39.80829179830569], [64.43331189072781, 39.80824869397456], [64.4333464435269, 39.80820565172345], [64.43339983220086, 39.808139143308225], [64.43350203442908, 39.808053329153225], [64.43366603356228, 39.80798212114111], [64.43411287175427, 39.80788169983185], [64.4346595352322, 39.80772102515585], [64.43539518717795, 39.8075079602151], [64.43561811040392, 39.807440589207346], [64.43646662758023, 39.80717949116541], [64.4374007083891, 39.806878222590214], [64.43772870665553, 39.80680883934579], [64.43796638650666, 39.80679423284653], [64.43801664814512, 39.80679516585173], [64.43857988374343, 39.80679613543188], [64.43890930763622, 39.806795039564804], [64.43932839776741, 39.806798895112244], [64.43938561865436, 39.80679942165286], [64.4398020327043, 39.806792848520644], [64.43991187600233, 39.80678448666745], [64.43996032753547, 39.80678079812169], [64.4399993368767, 39.80677663548193], [64.44001166625397, 39.806775320165], [64.44014537329748, 39.80680630877657], [64.44036835401563, 39.80682028590901], [64.44041593867456, 39.8068232684882], [64.44179062965551, 39.80690944233605], [64.44209948572154, 39.8069288028499], [64.44392020012256, 39.80704290382915], [64.44407201989715, 39.80706986288543], [64.44418602688648, 39.807040669317246], [64.44454071859157, 39.806687910191236], [64.44570929921547, 39.80553960399568], [64.44610199145372, 39.80514304630176], [64.44660552771316, 39.80462483996038], [64.44692855021124, 39.804371817326064], [64.44689313143623, 39.804320457422925], [64.44681789663285, 39.80424372528903], [64.44674784960027, 39.804194895955604], [64.44667131673133, 39.804179948672406], [64.44648841884116, 39.804127132473994], [64.44643653125205, 39.80408328503315], [64.44638205292163, 39.8040394375644], [64.44635351434339, 39.80397466353357], [64.44630162855086, 39.80389294833483], [64.44623677108565, 39.80382418732869], [64.44618099199475, 39.803746458103035], [64.44609408268593, 39.80368567064173], [64.44601236114792, 39.8036418236095], [64.4459539904174, 39.8036139204989], [64.44589561789023, 39.80354316613202], [64.44585281226864, 39.803477395091846], [64.44568677665465, 39.80325616451674], [64.44563229562931, 39.803166476093786], [64.44552852314601, 39.80292730662393], [64.44549609396422, 39.80283761777203], [64.44545717894613, 39.80278280812887], [64.44537675547369, 39.802714046702725], [64.44527428105596, 39.80261937480142], [64.44522888020153, 39.80254363801472], [64.44504857484927, 39.80234731701514], [64.44495258536959, 39.80224965423996], [64.44486826949702, 39.802210789783366], [64.44476968658108, 39.802086220335454], [64.44476839031215, 39.801998523513035], [64.44473855456661, 39.801924779171244], [64.44466591409778, 39.80179422980801], [64.44454657560725, 39.801657700787956], [64.44448950024736, 39.8016048833423], [64.44440259183688, 39.801541103587944], [64.44436237965151, 39.801472340920114], [64.44429233172056, 39.801375673474546], [64.44409257065591, 39.80116141285581], [64.44396934066356, 39.80104880043249], [64.44389021435838, 39.80097206464763], [64.44353998189035, 39.80066213090396], [64.44318845315338, 39.80034621555013], [64.44267250756654, 39.79985365400158], [64.44225903999074, 39.7994394470184], [64.4424333454952, 39.7993055304394], [64.44264210678071, 39.799216771352064], [64.4428407332732, 39.7991965287013], [64.44300693238053, 39.79913112619517], [64.44380144014706, 39.798857062080806], [64.44548761656291, 39.798354963348956], [64.44576313614876, 39.798243039959175], [64.44629517325724, 39.79801675974615], [64.44657702686416, 39.79797782802022], [64.44668469983242, 39.79785860464883], [64.44670686755869, 39.79778804451307], [64.44684304407093, 39.797729648102106], [64.44695388539719, 39.797695584771446], [64.44715339852688, 39.79765178844423], [64.44733074482855, 39.79759339191751], [64.44764426584587, 39.79737684120662], [64.44778994294057, 39.79724545015202], [64.44803695988075, 39.797094594111094], [64.44818897009817, 39.7970094328959], [64.4482966448631, 39.79697536851838], [64.44842065279649, 39.796917411069465], [64.44909470007667, 39.796846410315524], [64.4492245416695, 39.796848843243964], [64.44945572580282, 39.796822078955685], [64.44969324126225, 39.796766114655895], [64.44987375322702, 39.79674908344424], [64.45005743175318, 39.79672475135982], [64.45045645980912, 39.796627424316384], [64.45071931225115, 39.79658849249419], [64.45093782654567, 39.7965714605484], [64.45126401650344, 39.79656659467175], [64.4516060392681, 39.79655199427906], [64.45195123128906, 39.79651793105534], [64.45215707843978, 39.79647170034633], [64.45228961318185, 39.79641222473017], [64.45251493760458, 39.796311109438754], [64.45321595769947, 39.796145943514084], [64.45366388285298, 39.796044722230526], [64.45392736770897, 39.79599488973455], [64.45412194100287, 39.795988661360205], [64.45428611351092, 39.79601201983166], [64.45441822873978, 39.79601711351377], [64.45473200847188, 39.795940385918364], [64.45485159130416, 39.79590456927883], [64.45506035258967, 39.795825149767296], [64.4551758795285, 39.79576753092917], [64.45528127436918, 39.79576285894283], [64.45547584766311, 39.795770645126424], [64.45569068964477, 39.79576753161938], [64.45583256596747, 39.79575974543543], [64.45598457618492, 39.79574105679584], [64.45613253320379, 39.79574572947387], [64.45638993736361, 39.795717699612794], [64.45658045745895, 39.795689667669635], [64.4568358350195, 39.79560557591292], [64.45713174905725, 39.795507468043276], [64.45744292636996, 39.795370058951306], [64.45748240103852, 39.79534893032232], [64.45816749130846, 39.79514261525533], [64.45843848608025, 39.79506100482641], [64.45865996122198, 39.79502627205003], [64.45884440151946, 39.7949639818825], [64.45909572498314, 39.79487988785809], [64.45932880725664, 39.79478177964354], [64.45988009885492, 39.794521713030434], [64.46011115542748, 39.79441893291756], [64.46021622777299, 39.7943780002859], [64.46034242579906, 39.79434804692135], [64.46068676801376, 39.79426631821254], [64.46131913166813, 39.79413394731563], [64.46176908342089, 39.79405296862212], [64.46268114652213, 39.793869206828305], [64.46296509410196, 39.793838195821074], [64.46315028718769, 39.793828090270225], [64.46354659245002, 39.79377109786235], [64.46371279065905, 39.79377421145977], [64.46382426529759, 39.793749295084005], [64.46394375470511, 39.79372805414091], [64.46415316637088, 39.79363758714173], [64.4642296264763, 39.793565531788666], [64.46435152516538, 39.79355189431378], [64.4646746024607, 39.79350051942716], [64.46479630082551, 39.793481166866265], [64.46549662921761, 39.793374131327695], [64.46652562781603, 39.792869318607295], [64.46679996971052, 39.7927041036938], [64.46687602737067, 39.79266757925921], [64.46695802648811, 39.792661186998], [64.4670043741669, 39.792672144469506], [64.46716057053355, 39.79274502282669], [64.46745596534507, 39.792857508730066], [64.46821912011154, 39.79335629654157], [64.4683444728229, 39.79323893084695], [64.46891888436167, 39.79265022952479], [64.46982444455857, 39.79176266701692], [64.46987999278247, 39.79180465727682], [64.46988727991605, 39.79179718332442], [64.47011457703913, 39.79191943010902], [64.47012887372686, 39.79192706004282], [64.47111659922956, 39.79245421987827], [64.47128649310764, 39.792537307053436], [64.47160415715504, 39.79269266375371], [64.47214582150843, 39.79316185710838], [64.47268748586184, 39.79363104726259], [64.47350604871504, 39.794590250735865], [64.47380283681352, 39.794870160696675], [64.47421762850608, 39.795063221091986], [64.4744587507014, 39.79521400221451], [64.47459126927379, 39.79529687071116], [64.47465984037436, 39.79533975056187], [64.47467725780942, 39.79535064203695], [64.47467928081545, 39.79535190649701], [64.47470685460308, 39.795392090364665], [64.47476130149245, 39.79547143445357], [64.47476958845094, 39.79548351099172], [64.47477029542506, 39.795484540779306], [64.47477435311522, 39.79549472891152], [64.47481630084572, 39.79560004184957], [64.47481805166223, 39.79560443707478], [64.47491277811058, 39.7955618017218], [64.47507153916739, 39.795433523482856], [64.47520059832765, 39.79533357527421], [64.47527537139695, 39.795273763922836], [64.47552734434257, 39.795079376154106], [64.47574858951558, 39.7948936451666], [64.4759830417199, 39.794701073657045], [64.4759960610033, 39.79469038017058], [64.47612142808772, 39.79459065037045], [64.47637749824936, 39.79439468697612], [64.476484024069, 39.79429709849394], [64.476548194323, 39.79424356723082], [64.4765557231034, 39.79423728624125], [64.47661713283455, 39.79427465743041], [64.47671243869631, 39.79418298326651], [64.4773270076232, 39.79353920934766], [64.47769574897933, 39.79315514600707], [64.47775208502573, 39.79307093519293], [64.47775208502573, 39.79302843631564], [64.47775618224176, 39.79295052163913], [64.47781149331044, 39.792572750648596], [64.47785144049281, 39.792142247433105], [64.47800020689375, 39.79105220400208], [64.47804038943472, 39.790859010864274], [64.47803822808815, 39.79083107633743], [64.47803560590582, 39.79080941689007], [64.4780215436784, 39.79076657701085], [64.47800676190039, 39.790757534689575], [64.47798517268913, 39.790745208140024], [64.4779179544514, 39.790732910578946], [64.47756585797916, 39.79072553176515], [64.47712893718789, 39.790697247225225], [64.4769448867592, 39.790675111460196], [64.4767336281572, 39.790671422050266], [64.47660100358362, 39.79068157431186], [64.47631591334671, 39.79070339600922], [64.47613026212025, 39.79071692360818], [64.47604543869951, 39.79071077482539], [64.47602303291971, 39.79067634149353], [64.47601503072717, 39.790561973838], [64.47601342992931, 39.79043653772547], [64.47598782345214, 39.79016353026507], [64.47600369847984, 39.79016132557608], [64.47612066002817, 39.79014508376665], [64.47603103511226, 39.78975647541693], [64.47594941238893, 39.78927194246898], [64.47591260212351, 39.78897187451053], [64.47580287650483, 39.78863200952585], [64.47575678394759, 39.78844311277701], [64.47567176828741, 39.78822666786173], [64.47562799428196, 39.78822748515203], [64.47540536839836, 39.78823164546325], [64.47533477968163, 39.78823296389598], [64.47519445295276, 39.78824477042547], [64.474723282993, 39.78830773624755], [64.47440268325126, 39.78834945112472], [64.47406643216232, 39.788405237968696], [64.47405106647936, 39.78840698229912], [64.47397658176926, 39.78839588816365], [64.47391102721141, 39.788387230705474], [64.47377991989234, 39.788362043860424], [64.47368875885728, 39.78834630276787], [64.47360988857199, 39.78833921913701], [64.47350746086664, 39.7883455158512], [64.4729625428153, 39.78834079297048], [64.47265116068667, 39.788342367494195], [64.47241045441135, 39.788342367494195], [64.47241147849077, 39.788365192216574], [64.47241250346853, 39.78843996442443], [64.47237255628616, 39.78851394894604], [64.47228662434439, 39.78865500326945], [64.47209087874903, 39.78889882511002], [64.47189870934682, 39.78916435782882], [64.47163404859612, 39.78951430773247], [64.47124789429654, 39.79001802409035], [64.4709662167594, 39.79038636363056], [64.47086276497465, 39.79051307818876], [64.47076136045044, 39.79063034844732], [64.47072536675364, 39.79061056435979], [64.4701818940916, 39.79031184410185], [64.46953328350698, 39.789939986588685], [64.46942778805497, 39.78988529298425], [64.46862784009109, 39.78946301197198], [64.46802621139585, 39.78915191502847], [64.46726095996152, 39.78875731915729], [64.46680365459981, 39.78852036782311], [64.46543919183667, 39.78781660089269], [64.46485022938695, 39.78751436253956], [64.46471195171524, 39.787439589325714], [64.46463205735053, 39.787313656034755], [64.46457264906586, 39.78724360555914], [64.46447431857653, 39.787120820322585], [64.46439954550723, 39.78696733829609], [64.46438471252527, 39.78692909682059], [64.46437496310946, 39.786774501613245], [64.46439749734839, 39.78629437454662], [64.46442003158728, 39.78581345718385], [64.46446612414451, 39.7853821247177], [64.46456240647498, 39.78424159816387], [64.46457264906586, 39.78414635686241], [64.46482018343565, 39.78416940733077], [64.46495894799422, 39.78418232873334], [64.46497970626378, 39.784180730643556], [64.46499988332339, 39.78408137218612], [64.46503119679758, 39.783927173728216], [64.46510065094206, 39.78393888918381], [64.46519979620335, 39.78395561223208], [64.46619793138355, 39.78411633691386], [64.46623756415555, 39.7841231227612], [64.46624079090405, 39.78412197061685], [64.46826299113509, 39.78339973523939], [64.46832130347511, 39.78337890874885], [64.46981176573664, 39.782831358037605], [64.47015276082858, 39.78269858752406], [64.47031643836496, 39.78266190107127], [64.47058502295681, 39.78262621420425], [64.47074679336981, 39.78260471992524], [64.47141806934731, 39.78253979385227], [64.47133512789713, 39.78201312757589], [64.47136514061076, 39.781861560902435], [64.4712030252447, 39.780794354400506], [64.47114241321755, 39.780375128342], [64.47113937331865, 39.78035410211287], [64.4713590706944, 39.780284926830056], [64.47141052619388, 39.780268724800955], [64.47149910187753, 39.780240954421735], [64.47175238636346, 39.78016154444058], [64.47212940299998, 39.78002042852134], [64.47252009289346, 39.779898828864006], [64.47283068989452, 39.77985229012976], [64.4731725428776, 39.779816260075826], [64.47372774663894, 39.779759242942866], [64.4735801848788, 39.77895615516226], [64.47369844089943, 39.77894470534205], [64.47368528776703, 39.77880578921905], [64.47363000185119, 39.77847929494274], [64.47358926415137, 39.778291448001276], [64.4735659852091, 39.77825343090969], [64.47347432560908, 39.77817739735396], [64.47342340370886, 39.778103600547134], [64.47333901866604, 39.77770442274571], [64.47331137570812, 39.777507628351856], [64.47328809676583, 39.777426003215744], [64.47323572049321, 39.77742824007067], [64.47288072156427, 39.77746513850085], [64.47261738223537, 39.77748414761217], [64.4725242682629, 39.777479674596286], [64.47214890093322, 39.777422649313976], [64.47194812297565, 39.77738127714838], [64.47182009058977, 39.77733878721938], [64.47170369767505, 39.77727728879129], [64.47150861323975, 39.77717726173404], [64.47147540701528, 39.77716823626725], [64.47145974668491, 39.77716398001329], [64.47142458662469, 39.77716077384224], [64.47137929626302, 39.77716535388931], [64.471318510861, 39.77717542943942], [64.47127024078752, 39.77718642182567], [64.47123026575738, 39.77720598401599], [64.47113079261104, 39.77725466267468], [64.47103007978959, 39.777296798486276], [64.4708846721895, 39.77735679599334], [64.47056304567339, 39.77749756527728], [64.4703811817441, 39.777571363424336], [64.46996798725614, 39.777731257987476], [64.46988942149969, 39.7777457940267], [64.46980212681365, 39.77777262994273], [64.46969155318533, 39.77779834742683], [64.46954315239869, 39.77785201782666], [64.4694456735123, 39.77785313624721], [64.46918233418337, 39.77797613201926], [64.46844929633511, 39.778285804845964], [64.46836828087288, 39.778322896812725], [64.46760957366541, 39.778648132586866], [64.46747135707913, 39.77870403913741], [64.46734332469329, 39.77876441857525], [64.4672283870493, 39.77880578921905], [64.46718588954985, 39.778753296650734], [64.46712363270741, 39.77864589646198], [64.46705088713568, 39.77845916838595], [64.46698541612116, 39.77826237615025], [64.46692236426969, 39.778064637529916], [64.46633016159672, 39.77814783045218], [64.46631199676335, 39.778150354481724], [64.466311898847, 39.77815036828935], [64.46618117780348, 39.77816853701912], [64.46616638794063, 39.778144642967234], [64.4661648230754, 39.77814211410479], [64.46610083607773, 39.77810485151664], [64.46604379305717, 39.77808786332107], [64.46574385816022, 39.77811280539014], [64.46559600444762, 39.77810375519237], [64.46543414420312, 39.778088959645586], [64.46494566819936, 39.77810485151664], [64.46494523521139, 39.77813188474141], [64.46501642130778, 39.77867380832134], [64.46514797688619, 39.77935533743969], [64.46501897162489, 39.779367427852996], [64.46432894601071, 39.77943510458062], [64.46426103876513, 39.778965791373714], [64.46388267285903, 39.776350673743465], [64.46383529660928, 39.7760891960061], [64.46369802774565, 39.775331581274294], [64.46360184782314, 39.77480072356408], [64.46359509428883, 39.774763460547696], [64.46359509159387, 39.7747634322407], [64.46214212770724, 39.77515266724371], [64.46072880108422, 39.77525986023774], [64.46027681644395, 39.77524983894953], [64.46027364179776, 39.775249639421254], [64.45871433534779, 39.77515160677373], [64.45805112174993, 39.775109910821186], [64.45798284709339, 39.775105617157756], [64.45671466216913, 39.77502586640155], [64.456436420688, 39.77500836930305], [64.45612423905878, 39.774988733994874], [64.45587048924551, 39.774972773743926], [64.45569687903709, 39.77607868879644], [64.45552326882864, 39.777184586769685], [64.45533603746554, 39.77816467641469], [64.45518820621079, 39.77859298885593], [64.45478770940939, 39.77941608979481], [64.45414462166715, 39.780399000908716], [64.45371525750407, 39.780966468987955], [64.45343928876056, 39.78134518252476], [64.45343410997296, 39.78135240425495], [64.45343408032856, 39.781352444295145], [64.45341500101024, 39.78137905444176], [64.45165227735241, 39.78383753465337], [64.44930152369609, 39.7871582650972], [64.44875092380057, 39.787936032878754], [64.44694830596097, 39.790522022525856], [64.44630792843597, 39.791385111762445], [64.4462772204263, 39.79142649897708], [64.44573940176063, 39.792139506491246], [64.44496353942615, 39.792951494865655], [64.44388671182706, 39.79374423022333], [64.43577367435661, 39.79850511816734], [64.4356217593606, 39.798594418580194], [64.4353489526869, 39.79875478330075], [64.43497041340596, 39.79897730655484], [64.42771531104927, 39.80324206105638], [64.42771346590969, 39.803243145938055], [64.4288516924601, 39.80604380959273], [64.42960112725723, 39.8078877704805], [64.43021444123768, 39.80938924135873], [64.43055522163229, 39.81022350127395], [64.4305605180992, 39.81023584572432], [64.43085615994742, 39.810925088854525], [64.43085995712613, 39.81092370185167]]]}, "properties": {"name": "Gulchorbog' MFY", "code": "gulchorbog-mfy", "mahalla_code": "1706401029", "source": "ngis_mahalla"}}]}